受试编号,组别,观看顺序,设计代号,内容类型,问答1得分,问答2得分,答对题数,正确率,获取信息效率_Q1,获取信息效率_Q2,获取信息效率_均值,可读性_Q1,可读性_Q2,可读性_均值,吸引力_Q1,吸引力_Q2,吸引力_均值,主观_综合评价,主观_总分,主观_总分均值,总注视时长_标题层,总注视时长_要点层,总注视时长_详情层,总注视时长_关键图片,注视次数_标题层,注视次数_要点层,注视次数_详情层,注视次数_关键图片,注视时长占比_标题层,注视时长占比_要点层,注视时长占比_详情层,注视时长占比_关键图片,首次注视时间_标题层,首次注视时间_要点层,首次注视时间_详情层,首次注视时间_关键图片,平均注视时长_标题层,平均注视时长_要点层,平均注视时长_详情层,平均注视时长_关键图片,平均瞳孔直径_mm,最小瞳孔直径_mm,最大瞳孔直径_mm,眨眼次数,平均眨眼频率_per_s,扫视次数,平均扫视频率_per_s,总扫视时间_s,平均眼跳水平距离_px,平均眼跳垂直距离_px,平均眼跳绝对距离_px
SIM001,组1,1,A,造山运动,0,0,0,0.0,4,3,3.5,4,1,2.5,3,5,4.0,4,24,3.43,2.244,0.859,4.009,3.786,10,3,20,14,18.2922,7.00223,32.67978,30.86197,6.853,7.378,5.467,2.013,0.2244,0.2863,0.2005,0.2704,2.5242,1.9406,3.1035,3,0.05,164,2.7333,10.932,195.118,143.624,242.279
SIM001,组1,2,F,红果仔,0,5,1,0.5,4,3,3.5,4,3,3.5,2,3,2.5,3,22,3.14,1.05,6.072,5.203,4.3,5,20,20,17,4.68386,27.08612,23.20966,19.18154,2.85,0.271,8.47,10.719,0.21,0.3036,0.2601,0.2529,2.8792,2.3293,3.4124,27,0.45,119,1.9833,19.175,213.108,129.714,249.481
SIM001,组1,3,Z,白鹈鹕(锚点),5,0,1,0.5,4,3,3.5,4,3,3.5,3,4,3.5,2,23,3.29,2.476,1.589,4.067,4.339,11,9,18,23,15.41857,9.89503,25.32605,27.01986,8.965,4.524,1.395,11.612,0.2251,0.1766,0.2259,0.1887,2.4795,1.9905,2.7976,1,0.0167,187,3.1167,24.639,237.187,133.948,272.397
SIM001,组1,4,C,红耳鹎,0,0,0,0.0,1,2,1.5,3,2,2.5,3,3,3.0,3,17,2.43,4.391,3.945,2.384,5.185,21,20,10,18,24.24486,21.78228,13.16323,28.62892,2.845,6.659,11.453,11.408,0.2091,0.1972,0.2384,0.2881,2.5579,2.2014,3.3642,26,0.4333,246,4.1,23.475,238.686,105.299,260.881
SIM002,组1,1,Z,白鹈鹕(锚点),5,5,2,1.0,2,2,2.0,4,4,4.0,4,4,4.0,2,22,3.14,0.637,2.66,1.525,5.735,3,12,7,22,4.31378,18.0136,10.32734,38.83758,7.631,4.508,6.541,3.912,0.2123,0.2217,0.2179,0.2607,2.6146,2.1368,2.9583,35,0.5833,170,2.8333,25.235,111.794,84.885,140.368
SIM002,组1,2,F,红果仔,0,5,1,0.5,4,3,3.5,4,4,4.0,3,2,2.5,3,23,3.29,2.942,4.507,6.712,7.244,17,21,22,23,11.44544,17.53385,26.11209,28.18176,3.551,2.374,5.521,2.252,0.1731,0.2146,0.3051,0.315,2.7209,2.1413,3.1404,26,0.4333,115,1.9167,15.765,117.726,118.467,167.014
SIM002,组1,3,A,造山运动,0,5,1,0.5,4,4,4.0,4,4,4.0,4,5,4.5,4,29,4.14,1.092,2.544,3.125,3.975,4,10,14,19,7.95425,18.53078,22.76285,28.95435,3.761,9.947,6.653,5.803,0.273,0.2544,0.2232,0.2092,2.779,2.3615,3.3645,20,0.3333,137,2.2833,26.78,106.904,129.276,167.752
SIM002,组1,4,C,红耳鹎,0,5,1,0.5,4,1,2.5,3,2,2.5,3,3,3.0,3,19,2.71,3.557,2.972,2.221,6.703,19,12,7,23,14.1243,11.80135,8.81925,26.61658,1.281,9.163,1.319,8.284,0.1872,0.2477,0.3173,0.2914,2.7262,2.3736,3.2553,3,0.05,271,4.5167,16.405,126.088,89.258,154.483
SIM003,组1,1,C,红耳鹎,5,5,2,1.0,4,3,3.5,2,4,3.0,4,4,4.0,3,24,3.43,5.441,5.922,4.285,3.647,24,21,16,18,18.89277,20.56294,14.87879,12.66347,5.687,0.764,0.456,6.631,0.2267,0.282,0.2678,0.2026,2.0342,1.6802,2.7088,29,0.4833,139,2.3167,23.451,150.008,104.375,182.747
SIM003,组1,2,A,造山运动,5,5,2,1.0,3,3,3.0,4,2,3.0,4,4,4.0,3,23,3.29,5.256,2.986,7.322,6.917,17,16,24,23,18.52218,10.52268,25.80277,24.37555,8.295,10.264,6.756,9.629,0.3092,0.1866,0.3051,0.3007,2.3831,2.132,3.014,15,0.25,257,4.2833,20.39,195.103,77.69,210.002
SIM003,组1,3,Z,白鹈鹕(锚点),0,5,1,0.5,4,2,3.0,4,4,4.0,3,3,3.0,3,23,3.29,6.259,6.956,1.928,3.065,24,23,6,16,29.00329,32.23309,8.93407,14.20276,12.008,12.949,5.756,12.084,0.2608,0.3024,0.3213,0.1916,2.4316,1.9831,2.8252,17,0.2833,280,4.6667,25.538,104.661,130.355,167.171
SIM003,组1,4,F,红果仔,5,5,2,1.0,2,2,2.0,2,3,2.5,4,3,3.5,2,18,2.57,0.806,3.275,4.757,7.423,4,10,22,24,3.69179,15.00075,21.78887,34.00016,10.582,6.004,9.825,4.491,0.2015,0.3275,0.2162,0.3093,2.286,1.978,2.7037,29,0.4833,204,3.4,19.7,198.915,80.252,214.494
SIM004,组1,1,F,红果仔,0,0,0,0.0,2,1,1.5,2,3,2.5,4,3,3.5,2,17,2.43,1.84,2.63,5.382,2.093,7,11,17,10,10.32479,14.75772,30.20002,11.74445,0.283,4.228,11.304,8.17,0.2629,0.2391,0.3166,0.2093,2.558,2.2094,3.0907,9,0.15,259,4.3167,15.693,208.629,170.171,269.229
SIM004,组1,2,C,红耳鹎,0,5,1,0.5,4,3,3.5,5,3,4.0,3,2,2.5,2,22,3.14,1.082,2.638,6.063,2.441,4,13,19,8,4.27276,10.41732,23.94245,9.63937,10.523,7.353,11.439,10.408,0.2705,0.2029,0.3191,0.3051,2.5955,2.0226,3.1325,12,0.2,282,4.7,25.337,202.458,112.307,231.521
SIM004,组1,3,Z,白鹈鹕(锚点),0,5,1,0.5,3,4,3.5,2,3,2.5,4,4,4.0,3,23,3.29,2.868,5.19,2.368,3.44,9,16,8,11,14.38927,26.03916,11.88068,17.2591,11.073,8.333,12.836,2.481,0.3187,0.3244,0.296,0.3127,2.6348,2.3365,3.2863,23,0.3833,105,1.75,18.812,231.538,178.348,292.264
SIM004,组1,4,A,造山运动,5,0,1,0.5,3,2,2.5,3,1,2.0,4,3,3.5,5,21,3.0,4.382,2.379,4.789,7.764,22,8,21,24,17.87411,9.7039,19.53426,31.66923,2.119,6.057,9.719,4.796,0.1992,0.2974,0.228,0.3235,2.3737,1.869,2.8183,6,0.1,257,4.2833,21.825,163.238,102.254,192.62
SIM005,组1,1,F,红果仔,0,0,0,0.0,3,3,3.0,3,3,3.0,3,3,3.0,2,20,2.86,3.027,4.536,3.831,6.249,11,22,22,22,9.8609,14.77669,12.48005,20.35704,7.979,6.745,9.836,5.92,0.2752,0.2062,0.1741,0.284,2.4965,2.1188,2.8448,3,0.05,114,1.9,13.43,176.893,131.557,220.45
SIM005,组1,2,A,造山运动,0,0,0,0.0,3,4,3.5,3,3,3.0,3,3,3.0,4,23,3.29,3.07,0.851,1.938,1.889,15,5,6,8,24.87401,6.89504,15.70222,15.30521,9.151,10.799,1.205,12.591,0.2047,0.1702,0.323,0.2361,2.3165,1.9721,3.1305,25,0.4167,247,4.1167,8.315,215.766,185.256,284.385
SIM005,组1,3,C,红耳鹎,0,0,0,0.0,3,3,3.0,4,2,3.0,2,3,2.5,3,20,2.86,3.14,2.679,2.409,5.548,10,10,8,21,14.49429,12.36631,11.11998,25.60966,4.38,2.641,2.939,8.632,0.314,0.2679,0.3011,0.2642,3.1226,2.8593,3.9148,27,0.45,288,4.8,17.864,150.733,153.671,215.256
SIM005,组1,4,Z,白鹈鹕(锚点),0,0,0,0.0,4,4,4.0,3,1,2.0,4,4,4.0,2,22,3.14,6.087,4.376,2.893,2.007,24,19,15,7,32.54365,23.39593,15.46719,10.73026,10.735,3.001,5.595,1.702,0.2536,0.2303,0.1929,0.2867,2.9073,2.5343,3.4664,31,0.5167,122,2.0333,13.015,146.503,85.6,169.678
SIM006,组1,1,C,红耳鹎,5,5,2,1.0,2,2,2.0,4,2,3.0,1,3,2.0,4,18,2.57,3.814,2.093,6.596,2.522,22,10,21,8,12.89462,7.07615,22.30019,8.52654,4.329,12.26,9.081,12.176,0.1734,0.2093,0.3141,0.3152,2.7282,2.435,3.0812,32,0.5333,246,4.1,22.755,101.749,88.683,134.973
SIM006,组1,2,A,造山运动,0,5,1,0.5,1,3,2.0,4,2,3.0,3,4,3.5,3,20,2.86,2.215,1.256,3.016,1.312,13,7,10,6,21.62854,12.26431,29.44997,12.81113,1.19,12.715,6.967,5.035,0.1704,0.1794,0.3016,0.2187,2.4948,1.8998,3.1027,14,0.2333,210,3.5,18.364,173.283,97.523,198.841
SIM006,组1,3,F,红果仔,5,0,1,0.5,3,4,3.5,2,4,3.0,3,4,3.5,2,22,3.14,2.171,1.951,6.96,5.031,8,6,24,18,9.35594,8.40785,29.99417,21.68113,10.892,5.376,4.709,6.732,0.2714,0.3252,0.29,0.2795,2.5092,2.2262,3.1755,8,0.1333,271,4.5167,10.237,169.937,160.655,233.856
SIM006,组1,4,Z,白鹈鹕(锚点),0,5,1,0.5,3,3,3.0,3,3,3.0,3,3,3.0,4,22,3.14,3.958,3.224,2.566,7.009,12,17,10,22,18.63173,15.17653,12.07908,32.99388,12.247,8.167,8.22,2.293,0.3298,0.1896,0.2566,0.3186,2.4811,1.9653,2.8551,24,0.4,124,2.0667,15.931,106.25,101.772,147.128
SIM007,组1,1,A,造山运动,5,0,1,0.5,3,2,2.5,3,4,3.5,3,4,3.5,2,21,3.0,4.009,4.646,0.879,3.558,13,22,5,11,21.44378,24.85104,4.70169,19.03142,8.776,1.733,1.498,8.193,0.3084,0.2112,0.1758,0.3235,2.6586,2.059,3.4504,0,0.0,299,4.9833,21.041,241.83,184.656,304.269
SIM007,组1,2,Z,白鹈鹕(锚点),0,5,1,0.5,3,3,3.0,3,4,3.5,4,5,4.5,2,24,3.43,2.28,1.688,4.567,3.292,7,8,24,17,17.59223,13.02442,35.23846,25.40071,0.208,11.123,8.766,0.366,0.3257,0.211,0.1903,0.1936,2.8318,2.3693,3.3329,31,0.5167,248,4.1333,26.736,115.238,72.963,136.394
SIM007,组1,3,F,红果仔,5,0,1,0.5,3,4,3.5,4,2,3.0,2,3,2.5,2,20,2.86,2.955,2.416,5.004,2.894,15,10,19,12,20.62672,16.86435,34.92931,20.20092,2.997,3.325,12.723,3.398,0.197,0.2416,0.2634,0.2412,2.1605,1.5895,2.4815,36,0.6,157,2.6167,21.226,105.453,166.871,197.399
SIM007,组1,4,C,红耳鹎,5,5,2,1.0,4,2,3.0,3,3,3.0,2,4,3.0,4,22,3.14,3.062,4.689,2.559,1.595,14,21,11,8,22.24368,34.06291,18.58967,11.58676,10.783,7.429,0.488,5.19,0.2187,0.2233,0.2326,0.1994,2.6199,2.2362,3.3598,25,0.4167,134,2.2333,27.932,165.385,92.888,189.685
SIM008,组1,1,C,红耳鹎,5,5,2,1.0,4,5,4.5,4,4,4.0,3,5,4.0,3,28,4.0,5.139,3.273,6.199,1.186,17,18,23,4,21.32295,13.58047,25.72115,4.921,7.715,10.293,8.37,4.984,0.3023,0.1818,0.2695,0.2965,2.3111,1.8328,3.073,3,0.05,190,3.1667,8.172,168.204,121.216,207.33
SIM008,组1,2,Z,白鹈鹕(锚点),0,0,0,0.0,3,4,3.5,2,4,3.0,4,4,4.0,5,26,3.71,0.896,3.291,1.666,3.819,4,14,6,13,7.5538,27.74502,14.04534,32.19637,5.319,4.902,10.043,2.828,0.224,0.2351,0.2777,0.2938,2.6737,2.0982,3.3941,11,0.1833,272,4.5333,14.827,105.666,111.396,153.539
SIM008,组1,3,F,红果仔,5,5,2,1.0,3,2,2.5,3,3,3.0,3,4,3.5,4,22,3.14,2.869,1.207,4.84,1.085,14,6,16,4,14.83962,6.24309,25.03443,5.61206,1.79,11.84,1.62,3.375,0.2049,0.2012,0.3025,0.2712,2.6513,2.1221,3.2469,31,0.5167,98,1.6333,20.041,137.924,157.667,209.48
SIM008,组1,4,A,造山运动,5,5,2,1.0,3,5,4.0,3,3,3.0,5,3,4.0,3,25,3.57,4.493,4.027,3.245,3.307,19,19,18,13,25.36822,22.73711,18.32181,18.67187,12.722,0.644,2.884,3.441,0.2365,0.2119,0.1803,0.2544,2.5439,2.2448,3.3664,17,0.2833,108,1.8,24.95,97.674,136.493,167.841
SIM009,组1,1,C,红耳鹎,5,0,1,0.5,4,5,4.5,3,4,3.5,5,2,3.5,4,27,3.86,5.097,5.241,4.623,4.701,24,17,24,20,14.449,14.85721,13.1053,13.32642,9.666,1.729,11.567,1.166,0.2124,0.3083,0.1926,0.235,2.7773,2.4862,3.4474,28,0.4667,282,4.7,25.453,227.702,182.27,291.669
SIM009,组1,2,A,造山运动,0,0,0,0.0,2,3,2.5,5,5,5.0,2,4,3.0,4,25,3.57,4.531,2.558,6.437,0.778,14,12,24,3,16.15322,9.11938,22.94819,2.7736,0.63,0.663,10.03,10.767,0.3236,0.2132,0.2682,0.2593,2.5943,2.0406,3.4159,30,0.5,104,1.7333,12.554,208.263,154.688,259.427
SIM009,组1,3,F,红果仔,0,5,1,0.5,4,3,3.5,4,4,4.0,3,4,3.5,3,25,3.57,1.265,4.15,5.179,6.076,4,13,16,20,6.51407,21.37026,26.66905,31.28812,7.845,7.925,3.424,0.72,0.3162,0.3192,0.3237,0.3038,2.9538,2.6883,3.4731,13,0.2167,219,3.65,25.433,156.347,162.21,225.292
SIM009,组1,4,Z,白鹈鹕(锚点),5,5,2,1.0,4,5,4.5,3,3,3.0,5,2,3.5,3,25,3.57,1.306,3.305,3.301,6.141,4,12,13,20,5.95379,15.06683,15.04859,27.99558,1.043,2.343,4.689,3.07,0.3265,0.2754,0.2539,0.307,2.4005,2.055,2.7935,21,0.35,133,2.2167,19.782,185.558,75.436,200.306
SIM010,组1,1,C,红耳鹎,0,5,1,0.5,4,5,4.5,4,4,4.0,2,4,3.0,5,28,4.0,1.697,1.219,5.661,2.581,9,6,20,8,8.43421,6.05852,28.13558,12.82776,4.03,10.809,3.901,9.527,0.1886,0.2032,0.283,0.3226,2.6044,2.2799,3.0335,20,0.3333,154,2.5667,10.237,219.688,117.437,249.107
SIM010,组1,2,A,造山运动,5,0,1,0.5,5,3,4.0,2,2,2.0,2,2,2.0,2,18,2.57,1.328,1.972,2.454,1.471,7,7,12,6,8.98153,13.33703,16.59689,9.94867,5.636,6.767,4.844,7.361,0.1897,0.2817,0.2045,0.2452,2.8664,2.4437,3.5084,16,0.2667,135,2.25,19.909,185.706,83.452,203.595
SIM010,组1,3,F,红果仔,5,0,1,0.5,2,4,3.0,2,3,2.5,4,4,4.0,5,24,3.43,5.896,1.112,7.687,3.495,20,5,24,17,20.08537,3.78815,26.1866,11.9061,11.454,1.841,3.983,7.15,0.2948,0.2224,0.3203,0.2056,2.9396,2.639,3.6244,8,0.1333,144,2.4,27.273,159.049,70.209,173.856
SIM010,组1,4,Z,白鹈鹕(锚点),0,0,0,0.0,3,3,3.0,4,3,3.5,4,2,3.0,3,22,3.14,4.863,5.952,2.24,2.331,16,19,13,9,29.2215,35.76525,13.46004,14.00685,8.546,7.445,4.497,7.15,0.3039,0.3133,0.1723,0.259,2.3368,1.9735,2.8675,10,0.1667,173,2.8833,24.895,130.499,105.026,167.513
SIM011,组1,1,C,红耳鹎,0,5,1,0.5,4,4,4.0,5,5,5.0,3,5,4.0,3,29,4.14,2.005,2.741,4.422,0.997,11,9,19,5,14.27161,19.51047,31.47584,7.09666,9.74,2.53,3.465,7.467,0.1823,0.3046,0.2327,0.1994,2.6345,2.2805,2.9951,23,0.3833,141,2.35,19.072,190.621,134.039,233.03
SIM011,组1,2,Z,白鹈鹕(锚点),0,5,1,0.5,5,4,4.5,2,4,3.0,4,3,3.5,3,25,3.57,4.85,6.127,5.376,4.029,16,21,24,15,17.00388,21.48098,18.84801,14.12549,12.591,7.081,8.735,5.472,0.3031,0.2918,0.224,0.2686,2.6762,2.2712,3.2929,25,0.4167,265,4.4167,8.945,186.423,130.136,227.352
SIM011,组1,3,A,造山运动,5,0,1,0.5,5,3,4.0,3,3,3.0,4,4,4.0,5,27,3.86,3.232,3.751,4.147,2.023,13,22,24,8,22.41734,26.01715,28.76383,14.03164,6.086,2.189,1.842,3.795,0.2486,0.1705,0.1728,0.2529,2.5312,1.9395,3.3529,35,0.5833,171,2.85,16.302,145.588,158.737,215.391
SIM011,组1,4,F,红果仔,5,5,2,1.0,3,4,3.5,3,3,3.0,3,2,2.5,4,22,3.14,5.901,5.734,2.26,1.752,24,21,13,8,25.02575,24.31751,9.58451,7.43011,11.62,3.001,8.645,11.417,0.2459,0.273,0.1738,0.219,2.4245,1.8798,2.9431,16,0.2667,155,2.5833,25.86,205.5,109.144,232.686
SIM012,组1,1,Z,白鹈鹕(锚点),5,0,1,0.5,5,5,5.0,3,4,3.5,5,5,5.0,3,30,4.29,5.647,3.514,1.725,0.688,19,19,8,4,36.61128,22.78237,11.18372,4.46052,8.25,6.872,5.075,8.105,0.2972,0.1849,0.2156,0.172,2.6697,2.2159,3.1485,2,0.0333,211,3.5167,20.337,166.386,189.082,251.866
SIM012,组1,2,C,红耳鹎,0,0,0,0.0,3,5,4.0,2,4,3.0,3,4,3.5,3,24,3.43,3.419,3.153,1.072,1.863,16,15,6,7,31.76568,29.29429,9.95987,17.309,8.551,4.232,5.773,8.862,0.2137,0.2102,0.1787,0.2661,2.7015,2.2222,3.174,10,0.1667,283,4.7167,15.605,136.544,155.449,206.902
SIM012,组1,3,A,造山运动,0,0,0,0.0,3,5,4.0,3,5,4.0,2,5,3.5,3,26,3.71,4.844,1.497,4.169,3.768,18,5,17,13,22.1351,6.84068,19.05063,17.21822,5.4,1.635,5.582,5.499,0.2691,0.2994,0.2452,0.2898,2.7184,2.4101,3.2475,16,0.2667,249,4.15,16.673,165.709,87.032,187.174
SIM012,组1,4,F,红果仔,5,5,2,1.0,3,4,3.5,3,3,3.0,3,5,4.0,3,24,3.43,5.444,3.016,3.203,4.99,21,10,11,19,21.35779,11.83231,12.56594,19.57667,6.758,12.299,12.647,5.489,0.2592,0.3016,0.2912,0.2626,3.2368,2.9051,3.7848,17,0.2833,109,1.8167,20.493,155.768,67.583,169.797
SIM013,组1,1,C,红耳鹎,5,5,2,1.0,2,4,3.0,4,4,4.0,3,3,3.0,2,22,3.14,2.212,3.067,1.276,2.487,13,18,6,11,17.2107,23.86312,9.92805,19.35037,7.784,12.692,8.48,9.447,0.1702,0.1704,0.2127,0.2261,2.6939,2.1696,2.9984,23,0.3833,177,2.95,11.668,235.712,76.436,247.795
SIM013,组1,2,A,造山运动,5,5,2,1.0,5,2,3.5,5,5,5.0,3,2,2.5,3,25,3.57,2.07,2.637,4.037,5.098,10,8,19,19,11.00625,14.02101,21.46485,27.10621,11.953,11.027,1.583,4.566,0.207,0.3296,0.2125,0.2683,2.6408,2.3193,3.2453,35,0.5833,137,2.2833,25.516,109.006,184.083,213.937
SIM013,组1,3,F,红果仔,0,0,0,0.0,3,3,3.0,4,4,4.0,2,2,2.0,4,22,3.14,5.457,5.613,1.601,4.008,23,20,8,17,18.05262,18.5687,5.29636,13.2591,6.679,1.541,11.883,9.943,0.2373,0.2807,0.2001,0.2358,3.0373,2.4873,3.753,7,0.1167,297,4.95,26.235,108.845,82.191,136.391
SIM013,组1,4,Z,白鹈鹕(锚点),0,0,0,0.0,3,4,3.5,4,4,4.0,4,4,4.0,4,27,3.86,2.199,1.747,2.706,3.334,10,6,14,19,11.65103,9.25619,14.33729,17.66464,4.989,12.385,9.38,7.802,0.2199,0.2912,0.1933,0.1755,2.9292,2.3323,3.4227,20,0.3333,166,2.7667,27.495,152.742,161.457,222.258
SIM014,组1,1,F,红果仔,5,0,1,0.5,4,5,4.5,2,4,3.0,3,5,4.0,3,26,3.71,2.251,2.395,5.854,1.133,11,9,19,4,17.02474,18.11384,44.27491,8.56909,12.878,8.614,2.604,6.081,0.2046,0.2661,0.3081,0.2833,2.6921,2.3597,3.2656,29,0.4833,171,2.85,24.3,198.227,122.716,233.138
SIM014,组1,2,Z,白鹈鹕(锚点),0,0,0,0.0,3,5,4.0,3,5,4.0,5,3,4.0,4,28,4.0,5.493,3.371,1.94,0.545,17,13,7,3,31.60503,19.39569,11.16216,3.13576,1.386,0.98,4.623,7.925,0.3231,0.2593,0.2771,0.1817,2.3697,1.7814,3.1984,2,0.0333,246,4.1,27.109,145.957,136.129,199.586
SIM014,组1,3,A,造山运动,0,5,1,0.5,5,5,5.0,5,4,4.5,3,3,3.0,4,29,4.14,3.94,4.624,3.01,4.971,21,15,12,20,11.58995,13.60201,8.85425,14.62275,2.2,1.585,0.569,5.036,0.1876,0.3083,0.2508,0.2485,2.5348,2.2824,3.2468,0,0.0,170,2.8333,20.141,209.159,104.793,233.942
SIM014,组1,4,C,红耳鹎,0,5,1,0.5,4,4,4.0,4,3,3.5,3,3,3.0,3,24,3.43,3.406,2.778,2.55,4.376,14,10,9,16,14.56677,11.88094,10.90583,18.71526,9.815,10.217,5.384,11.204,0.2433,0.2778,0.2833,0.2735,2.6078,2.2349,3.2575,10,0.1667,154,2.5667,23.835,193.89,172.272,259.367
SIM015,组1,1,F,红果仔,5,0,1,0.5,4,4,4.0,4,4,4.0,5,5,5.0,1,27,3.86,1.014,5.983,3.388,3.895,5,19,15,18,3.68404,21.73731,12.30921,14.15123,11.453,1.668,9.748,3.348,0.2028,0.3149,0.2259,0.2164,2.9565,2.6195,3.3902,30,0.5,113,1.8833,25.319,201.667,69.337,213.254
SIM015,组1,2,C,红耳鹎,5,5,2,1.0,4,3,3.5,4,2,3.0,5,5,5.0,4,27,3.86,4.077,4.428,4.456,1.017,21,17,19,4,26.8107,29.11891,29.30304,6.68788,6.009,4.017,6.133,10.285,0.1941,0.2605,0.2345,0.2542,2.9569,2.4943,3.4833,16,0.2667,301,5.0167,26.453,209.125,117.418,239.834
SIM015,组1,3,Z,白鹈鹕(锚点),0,0,0,0.0,5,5,5.0,3,4,3.5,5,4,4.5,4,30,4.29,2.205,2.653,0.837,3.281,8,14,3,14,17.39877,20.93376,6.60443,25.88905,10.42,3.353,4.041,9.833,0.2756,0.1895,0.279,0.2344,2.4635,2.118,3.1694,23,0.3833,271,4.5167,21.151,213.833,76.416,227.077
SIM015,组1,4,A,造山运动,5,5,2,1.0,4,2,3.0,5,4,4.5,5,4,4.5,4,28,4.0,4.782,1.105,3.923,1.433,15,5,15,7,22.99554,5.31369,18.8648,6.89097,12.431,6.185,11.346,9.88,0.3188,0.221,0.2615,0.2047,2.4521,1.9937,2.8469,24,0.4,164,2.7333,26.792,221.395,171.692,280.168
SIM016,组1,1,C,红耳鹎,0,5,1,0.5,4,2,3.0,5,4,4.5,4,3,3.5,4,26,3.71,5.08,2.656,5.209,4.93,19,11,20,22,18.95172,9.90861,19.43297,18.39212,1.207,10.28,2.949,3.086,0.2674,0.2415,0.2604,0.2241,2.6908,2.3268,3.363,20,0.3333,276,4.6,17.078,226.564,83.669,241.52
SIM016,组1,2,F,红果仔,5,5,2,1.0,2,3,2.5,5,4,4.5,5,2,3.5,3,24,3.43,4.322,7.127,4.217,4.999,20,22,14,16,15.24759,25.14336,14.87716,17.63598,5.831,3.961,8.777,7.639,0.2161,0.324,0.3012,0.3124,2.4993,2.2289,3.225,13,0.2167,95,1.5833,25.85,97.799,150.786,179.725
SIM016,组1,3,A,造山运动,5,0,1,0.5,5,5,5.0,4,3,3.5,5,4,4.5,4,30,4.29,1.755,5.826,3.083,1.182,8,18,13,5,11.41214,37.88439,20.04764,7.68612,0.208,5.042,1.125,6.165,0.2194,0.3237,0.2372,0.2364,2.7317,2.1345,3.1299,26,0.4333,122,2.0333,20.143,164.472,99.38,192.165
SIM016,组1,4,Z,白鹈鹕(锚点),0,0,0,0.0,4,5,4.5,5,3,4.0,3,4,3.5,3,27,3.86,2.579,1.902,5.314,2.567,10,6,19,15,14.46553,10.66826,29.80607,14.39823,12.848,11.318,12.862,11.797,0.2579,0.317,0.2797,0.1711,2.4836,1.8875,3.0261,18,0.3,289,4.8167,20.982,243.478,105.199,265.232
SIM017,组1,1,A,造山运动,0,5,1,0.5,4,5,4.5,2,5,3.5,4,3,3.5,4,27,3.86,6.377,1.537,3.673,3.869,20,6,19,15,29.44409,7.09669,16.95909,17.86407,9.035,12.056,6.587,2.71,0.3188,0.2562,0.1933,0.2579,2.5727,2.3008,3.349,36,0.6,180,3.0,24.404,127.755,154.01,200.101
SIM017,组1,2,F,红果仔,0,0,0,0.0,4,3,3.5,3,4,3.5,3,3,3.0,4,24,3.43,3.633,0.945,2.771,4.862,12,5,9,16,14.79676,3.84887,11.28594,19.80233,4.58,0.171,10.486,0.636,0.3028,0.189,0.3079,0.3039,2.5316,2.1727,3.0731,29,0.4833,98,1.6333,25.725,130.54,132.795,186.213
SIM017,组1,3,C,红耳鹎,5,0,1,0.5,4,1,2.5,3,3,3.0,4,5,4.5,4,24,3.43,3.476,1.306,3.267,3.058,16,4,15,11,25.23316,9.48058,23.71597,22.19879,6.408,9.438,9.779,4.259,0.2172,0.3265,0.2178,0.278,2.6267,2.26,3.4594,20,0.3333,289,4.8167,23.871,176.669,82.176,194.845
SIM017,组1,4,Z,白鹈鹕(锚点),5,5,2,1.0,4,4,4.0,1,3,2.0,5,5,5.0,2,24,3.43,4.404,1.51,1.883,4.663,15,8,6,17,20.30724,6.96275,8.68268,21.50152,6.496,8.829,8.356,8.611,0.2936,0.1888,0.3138,0.2743,2.7915,2.3709,3.6291,28,0.4667,222,3.7,13.74,133.457,77.362,154.259
SIM018,组1,1,F,红果仔,0,5,1,0.5,3,4,3.5,3,3,3.0,3,3,3.0,4,23,3.29,3.095,7.638,1.212,4.645,15,24,4,23,12.69947,31.3404,4.9731,19.05946,1.74,9.875,8.612,6.428,0.2063,0.3182,0.303,0.202,2.4813,1.891,2.8157,8,0.1333,182,3.0333,25.494,135.591,166.979,215.097
SIM018,组1,2,Z,白鹈鹕(锚点),0,5,1,0.5,3,5,4.0,5,3,4.0,4,3,3.5,4,27,3.86,3.306,2.594,5.051,5.572,13,10,24,18,16.2158,12.72347,24.77495,27.33043,12.732,6.605,7.791,6.1,0.2543,0.2594,0.2105,0.3096,2.7888,2.3277,3.4474,31,0.5167,141,2.35,9.509,125.733,81.887,150.048
SIM018,组1,3,C,红耳鹎,0,5,1,0.5,2,3,2.5,4,2,3.0,2,3,2.5,4,20,2.86,2.332,5.333,1.159,6.727,12,24,4,23,8.06642,18.44692,4.009,23.26879,0.184,5.097,8.719,2.946,0.1943,0.2222,0.2898,0.2925,2.8466,2.2626,3.2456,2,0.0333,213,3.55,25.365,154.619,75.958,172.27
SIM018,组1,4,A,造山运动,5,5,2,1.0,1,3,2.0,3,3,3.0,2,4,3.0,3,19,2.71,5.481,1.98,5.654,0.706,21,7,20,3,32.99042,11.91772,34.03171,4.24945,6.961,12.923,4.885,9.375,0.261,0.2829,0.2827,0.2353,2.6021,2.2806,3.319,27,0.45,218,3.6333,26.056,226.386,77.179,239.18
SIM019,组1,1,C,红耳鹎,0,0,0,0.0,2,2,2.0,3,2,2.5,3,3,3.0,4,19,2.71,3.846,0.957,2.927,3.695,16,4,13,20,31.1771,7.7578,23.72735,29.95304,5.561,0.779,7.285,9.398,0.2404,0.2392,0.2252,0.1847,2.7155,2.4104,3.3771,20,0.3333,97,1.6167,18.725,183.605,102.189,210.127
SIM019,组1,2,A,造山运动,0,5,1,0.5,4,1,2.5,2,4,3.0,2,2,2.0,3,18,2.57,2.956,2.049,0.916,3.385,12,9,4,17,24.34693,16.87647,7.54458,27.88036,9.342,0.379,5.578,8.127,0.2463,0.2277,0.229,0.1991,2.9217,2.4922,3.5273,10,0.1667,147,2.45,18.66,123.561,111.177,166.216
SIM019,组1,3,F,红果仔,5,0,1,0.5,4,4,4.0,2,4,3.0,4,3,3.5,3,24,3.43,5.144,1.107,4.794,1.575,19,4,17,8,27.7869,5.9798,25.89627,8.50785,0.594,4.83,11.959,0.868,0.2707,0.2767,0.282,0.1969,2.6871,2.3819,3.3734,21,0.35,302,5.0333,18.693,228.779,149.652,273.378
SIM019,组1,4,Z,白鹈鹕(锚点),0,0,0,0.0,3,2,2.5,4,4,4.0,3,4,3.5,2,22,3.14,3.943,6.413,1.552,3.26,17,21,5,15,14.81458,24.09483,5.83115,12.24842,8.016,6.16,11.902,10.956,0.2319,0.3054,0.3104,0.2173,2.7642,2.3789,3.5085,5,0.0833,197,3.2833,10.232,153.064,100.594,183.161
SIM020,组1,1,F,红果仔,0,5,1,0.5,3,4,3.5,4,4,4.0,3,3,3.0,1,22,3.14,1.145,3.261,2.714,1.751,6,11,13,6,10.76038,30.64593,25.50538,16.45539,7.503,7.245,7.422,5.663,0.1908,0.2965,0.2088,0.2918,2.3333,1.9713,2.9955,26,0.4333,107,1.7833,26.003,234.49,106.917,257.715
SIM020,组1,2,Z,白鹈鹕(锚点),0,0,0,0.0,2,4,3.0,3,3,3.0,3,4,3.5,3,22,3.14,2.665,4.079,1.528,1.145,11,19,5,5,19.35022,29.61709,11.09461,8.3137,8.905,6.919,8.203,7.025,0.2423,0.2147,0.3056,0.229,2.4488,2.092,2.9721,0,0.0,287,4.7833,17.103,177.508,95.314,201.479
SIM020,组1,3,C,红耳鹎,0,5,1,0.5,4,2,3.0,3,4,3.5,3,3,3.0,4,23,3.29,5.258,1.186,4.75,2.72,23,5,18,15,26.90197,6.06804,24.30285,13.91658,7.904,6.137,12.407,0.461,0.2286,0.2372,0.2639,0.1813,2.8354,2.5766,3.1713,4,0.0667,134,2.2333,22.329,140.813,122.697,186.77
SIM020,组1,4,A,造山运动,0,5,1,0.5,4,3,3.5,2,3,2.5,3,2,2.5,3,20,2.86,3.939,3.356,3.906,5.545,23,17,17,19,13.42155,11.43506,13.3091,18.89375,6.583,5.308,1.289,10.624,0.1713,0.1974,0.2298,0.2918,2.816,2.3136,3.4257,2,0.0333,134,2.2333,20.588,226.008,72.985,237.501
SIM021,组1,1,Z,白鹈鹕(锚点),0,5,1,0.5,5,3,4.0,4,3,3.5,4,2,3.0,3,24,3.43,0.564,1.82,5.817,4.21,3,8,20,15,2.31778,7.47936,23.90518,17.30115,11.002,0.912,9.017,11.714,0.188,0.2275,0.2908,0.2807,2.5837,2.2087,2.8959,10,0.1667,188,3.1333,23.114,202.878,70.67,214.834
SIM021,组1,2,A,造山运动,0,0,0,0.0,3,3,3.0,4,3,3.5,4,4,4.0,2,23,3.29,3.82,0.518,1.164,0.817,16,3,4,3,33.24611,4.50824,10.13049,7.11049,9.592,4.645,7.06,8.478,0.2387,0.1727,0.291,0.2723,2.5282,2.0212,2.9809,20,0.3333,116,1.9333,14.771,200.595,92.652,220.958
SIM021,组1,3,C,红耳鹎,0,0,0,0.0,4,4,4.0,4,4,4.0,5,5,5.0,4,30,4.29,0.774,2.324,4.623,1.298,3,13,24,4,5.73213,17.21121,34.23728,9.6128,7.911,0.233,8.159,7.198,0.258,0.1788,0.1926,0.3245,2.6957,2.2103,3.1992,29,0.4833,209,3.4833,20.582,229.36,162.074,280.845
SIM021,组1,4,F,红果仔,0,0,0,0.0,4,4,4.0,4,3,3.5,4,4,4.0,2,25,3.57,1.118,0.933,0.789,1.629,4,4,4,6,18.20772,15.19481,12.84963,26.52985,2.062,4.503,6.223,7.896,0.2795,0.2333,0.1973,0.2715,2.9101,2.4551,3.527,24,0.4,286,4.7667,10.426,155.704,161.857,224.591
SIM022,组2,1,G,红果仔,5,5,2,1.0,3,3,3.0,4,2,3.0,3,4,3.5,4,23,3.29,5.33,2.27,5.792,2.901,22,10,20,13,15.82623,6.74025,17.19804,8.61387,2.999,4.866,12.775,4.238,0.2423,0.227,0.2896,0.2232,2.485,2.0849,3.0177,14,0.2333,295,4.9167,22.143,194.14,75.587,208.335
SIM022,组2,2,E,红耳鹎,5,0,1,0.5,4,3,3.5,3,5,4.0,3,3,3.0,4,25,3.57,3.292,5.721,4.001,0.931,15,18,20,3,11.66998,20.28066,14.18335,3.30035,0.784,10.323,5.596,1.936,0.2195,0.3178,0.2001,0.3103,2.2791,1.8195,2.8981,6,0.1,259,4.3167,19.354,150.521,104.163,183.048
SIM022,组2,3,Z,白鹈鹕(锚点),5,5,2,1.0,2,2,2.0,1,2,1.5,4,5,4.5,4,20,2.86,4.017,0.567,2.739,2.755,19,3,12,9,25.34218,3.57705,17.27962,17.38056,3.516,3.44,11.595,9.957,0.2114,0.189,0.2282,0.3061,2.4379,2.1416,2.7709,21,0.35,310,5.1667,9.047,187.513,141.699,235.031
SIM022,组2,4,B,造山运动,0,0,0,0.0,2,2,2.0,3,5,4.0,3,3,3.0,2,20,2.86,2.198,1.436,1.612,2.901,7,7,6,13,22.62985,14.78456,16.59659,29.86769,6.746,10.209,4.428,4.261,0.314,0.2051,0.2687,0.2232,2.3687,1.9784,3.0586,2,0.0333,103,1.7167,16.051,179.588,133.279,223.641
SIM023,组2,1,G,红果仔,0,5,1,0.5,2,3,2.5,1,4,2.5,3,3,3.0,4,20,2.86,3.567,2.239,1.295,6.773,19,11,4,23,23.88382,14.99183,8.67102,45.35046,1.901,4.127,11.194,11.417,0.1877,0.2035,0.3237,0.2945,2.5193,2.0803,3.1423,18,0.3,146,2.4333,14.742,210.421,82.762,226.112
SIM023,组2,2,Z,白鹈鹕(锚点),5,0,1,0.5,3,2,2.5,3,2,2.5,4,3,3.5,2,19,2.71,2.758,5.038,5.263,3.078,13,23,22,11,8.99791,16.43635,17.1704,10.0419,2.387,11.674,3.534,10.877,0.2122,0.219,0.2392,0.2798,2.3508,1.8623,3.1047,19,0.3167,232,3.8667,11.893,144.849,113.52,184.033
SIM023,组2,3,E,红耳鹎,0,0,0,0.0,3,3,3.0,2,3,2.5,4,1,2.5,3,19,2.71,3.932,4.924,4.517,5.22,12,15,19,17,15.78163,19.76316,18.12961,20.9512,2.024,2.745,2.819,9.354,0.3277,0.3283,0.2377,0.3071,2.0241,1.7478,2.6634,33,0.55,122,2.0333,21.549,127.407,85.215,153.278
SIM023,组2,4,B,造山运动,5,0,1,0.5,2,1,1.5,3,3,3.0,2,2,2.0,2,15,2.14,6.245,6.149,3.92,1.155,24,23,20,5,20.26937,19.95779,12.72313,3.74878,5.361,4.268,10.047,4.729,0.2602,0.2673,0.196,0.231,2.4755,2.0026,3.2567,2,0.0333,259,4.3167,24.17,173.99,79.39,191.246
SIM024,组2,1,Z,白鹈鹕(锚点),5,5,2,1.0,3,3,3.0,2,4,3.0,4,2,3.0,4,22,3.14,3.373,2.857,4.486,0.695,15,14,18,3,24.8663,21.06227,33.07152,5.12365,2.515,12.955,8.946,5.74,0.2249,0.2041,0.2492,0.2317,2.1637,1.7321,2.9075,20,0.3333,189,3.15,8.849,210.431,140.744,253.161
SIM024,组2,2,G,红果仔,5,0,1,0.5,3,3,3.0,4,4,4.0,3,3,3.0,4,24,3.43,2.138,5.756,4.172,0.932,12,22,20,3,9.50836,25.59874,18.5542,4.1449,9.319,5.38,3.223,10.996,0.1782,0.2616,0.2086,0.3107,2.3769,1.9619,2.6941,11,0.1833,264,4.4,10.337,97.067,125.248,158.458
SIM024,组2,3,B,造山运动,0,5,1,0.5,3,3,3.0,3,3,3.0,3,4,3.5,4,23,3.29,1.448,6.102,3.66,3.41,5,24,13,11,5.00118,21.07543,12.64111,11.77765,4.763,9.097,5.641,8.162,0.2896,0.2543,0.2815,0.31,2.1895,1.8365,2.5434,14,0.2333,204,3.4,14.422,209.182,161.366,264.189
SIM024,组2,4,E,红耳鹎,5,0,1,0.5,4,4,4.0,4,4,4.0,5,3,4.0,5,29,4.14,0.895,4.506,3.338,2.157,3,24,11,7,6.93095,34.89481,25.84973,16.70397,4.23,0.572,8.497,4.454,0.2983,0.1878,0.3035,0.3081,2.8822,2.4434,3.2568,22,0.3667,310,5.1667,22.413,179.241,68.983,192.057
SIM025,组2,1,G,红果仔,0,0,0,0.0,4,4,4.0,3,4,3.5,3,3,3.0,3,24,3.43,1.304,2.146,3.347,2.666,7,7,11,14,11.67336,19.21091,29.96222,23.86593,9.808,10.733,7.182,10.297,0.1863,0.3066,0.3043,0.1904,2.3289,1.9387,2.9456,25,0.4167,166,2.7667,10.9,229.984,105.994,253.234
SIM025,组2,2,Z,白鹈鹕(锚点),0,5,1,0.5,3,2,2.5,3,3,3.0,3,3,3.0,2,19,2.71,2.295,4.916,2.039,1.91,12,24,9,6,9.94003,21.29202,8.83125,8.27253,3.032,8.466,4.959,11.965,0.1913,0.2048,0.2266,0.3183,2.5052,2.0194,3.209,25,0.4167,129,2.15,10.025,127.31,169.949,212.345
SIM025,组2,3,B,造山运动,5,5,2,1.0,5,3,4.0,2,2,2.0,3,5,4.0,3,23,3.29,3.115,4.573,6.898,4.727,11,18,23,18,14.87007,21.83012,32.92896,22.56527,5.28,9.064,0.906,0.721,0.2832,0.2541,0.2999,0.2626,3.0419,2.7857,3.7227,6,0.1,166,2.7667,19.208,244.282,145.936,284.554
SIM025,组2,4,E,红耳鹎,5,0,1,0.5,3,4,3.5,3,5,4.0,3,4,3.5,4,26,3.71,4.785,6.435,4.621,1.156,19,22,15,4,22.85656,30.73814,22.07318,5.52188,12.016,2.898,0.497,5.063,0.2518,0.2925,0.3081,0.289,2.1761,1.6906,2.8386,16,0.2667,104,1.7333,13.953,149.97,66.956,164.238
SIM026,组2,1,B,造山运动,0,0,0,0.0,2,3,2.5,2,4,3.0,4,3,3.5,3,21,3.0,0.568,1.206,2.066,4.056,3,4,10,17,5.82448,12.36677,21.18553,41.59172,8.468,11.764,9.107,7.869,0.1893,0.3015,0.2066,0.2386,2.6974,2.1643,3.1454,5,0.0833,308,5.1333,20.998,181.62,95.574,205.232
SIM026,组2,2,E,红耳鹎,5,5,2,1.0,2,1,1.5,2,3,2.5,2,2,2.0,4,16,2.29,1.357,1.439,4.044,1.746,6,5,15,8,8.87957,9.41614,26.46204,11.42501,0.197,2.439,1.324,9.916,0.2262,0.2878,0.2696,0.2182,2.378,1.9813,2.8591,20,0.3333,197,3.2833,26.755,159.363,68.192,173.339
SIM026,组2,3,Z,白鹈鹕(锚点),5,5,2,1.0,4,2,3.0,4,4,4.0,3,3,3.0,4,24,3.43,5.372,5.209,5.855,2.34,20,17,19,13,15.6811,15.2053,17.091,6.83056,9.949,7.28,10.693,8.821,0.2686,0.3064,0.3082,0.18,2.4343,1.8942,3.2037,21,0.35,131,2.1833,20.874,222.955,121.372,253.85
SIM026,组2,4,G,红果仔,5,5,2,1.0,3,4,3.5,2,4,3.0,3,3,3.0,3,22,3.14,2.267,6.939,4.042,1.047,9,22,19,5,13.17643,40.3314,23.49323,6.08546,5.705,11.081,2.802,11.709,0.2519,0.3154,0.2127,0.2094,2.5989,2.2207,3.2542,30,0.5,269,4.4833,21.302,102.56,81.154,130.784
SIM027,组2,1,Z,白鹈鹕(锚点),5,0,1,0.5,3,2,2.5,2,4,3.0,1,4,2.5,4,20,2.86,1.883,3.391,2.419,5.545,10,16,9,21,12.73929,22.94154,16.36555,37.51426,6.2,4.578,7.61,10.824,0.1883,0.2119,0.2688,0.264,2.705,2.3644,3.4074,30,0.5,207,3.45,17.87,159.707,189.494,247.819
SIM027,组2,2,G,红果仔,0,0,0,0.0,4,4,4.0,3,3,3.0,3,2,2.5,3,22,3.14,6.423,2.335,2.432,2.152,22,10,12,7,29.83081,10.84461,11.29512,9.99469,2.673,5.295,2.131,4.751,0.292,0.2335,0.2027,0.3074,2.4776,1.8782,2.7887,6,0.1,297,4.95,18.317,193.623,176.141,261.755
SIM027,组2,3,E,红耳鹎,0,0,0,0.0,3,3,3.0,4,3,3.5,4,3,3.5,3,23,3.29,3.839,7.134,4.623,3.775,19,22,16,17,16.19554,30.09612,19.503,15.92555,8.716,7.589,4.832,11.419,0.2021,0.3243,0.2889,0.2221,2.3599,1.9707,2.6932,8,0.1333,189,3.15,14.143,175.446,159.535,237.135
SIM027,组2,4,B,造山运动,0,5,1,0.5,5,3,4.0,3,3,3.0,4,4,4.0,2,24,3.43,6.563,3.647,1.726,3.057,20,20,7,14,35.67129,19.82221,9.38117,16.61544,12.627,5.602,11.182,4.77,0.3281,0.1823,0.2466,0.2184,2.8223,2.5089,3.6085,5,0.0833,127,2.1167,20.892,244.093,128.654,275.923
SIM028,组2,1,Z,白鹈鹕(锚点),0,5,1,0.5,4,5,4.5,3,3,3.0,4,3,3.5,4,26,3.71,3.228,3.736,5.574,3.258,15,15,17,16,13.21561,15.29539,22.82026,13.33843,12.359,1.852,1.454,3.99,0.2152,0.2491,0.3279,0.2036,2.0858,1.7132,2.6275,36,0.6,237,3.95,19.547,140.109,128.015,189.785
SIM028,组2,2,G,红果仔,0,5,1,0.5,5,3,4.0,3,3,3.0,4,5,4.5,3,26,3.71,2.461,2.947,1.098,2.44,11,14,4,12,18.35545,21.98029,8.18947,18.19882,4.341,1.919,10.356,1.622,0.2237,0.2105,0.2745,0.2033,2.4866,1.9845,3.154,13,0.2167,145,2.4167,9.628,187.976,182.719,262.147
SIM028,组2,3,E,红耳鹎,0,5,1,0.5,2,4,3.0,3,5,4.0,4,4,4.0,3,25,3.57,3.284,3.376,5.075,6.141,10,16,20,20,9.37441,9.63703,14.48695,17.52992,1.794,0.776,12.604,5.04,0.3284,0.211,0.2538,0.307,2.9787,2.4824,3.6533,4,0.0667,289,4.8167,24.467,183.339,93.314,205.72
SIM028,组2,4,B,造山运动,0,5,1,0.5,4,2,3.0,3,4,3.5,4,3,3.5,5,25,3.57,3.596,3.963,3.965,2.045,18,14,14,8,12.91561,14.23375,14.24093,7.34495,0.791,10.435,10.906,8.224,0.1998,0.2831,0.2832,0.2556,2.4218,2.1634,2.9815,5,0.0833,301,5.0167,13.675,143.971,104.24,177.746
SIM029,组2,1,B,造山运动,0,0,0,0.0,2,3,2.5,4,5,4.5,3,4,3.5,4,25,3.57,4.02,3.135,4.966,3.057,13,10,19,10,21.51753,16.78046,26.58111,16.36296,5.133,3.057,2.377,9.63,0.3092,0.3135,0.2614,0.3057,2.3763,1.8055,3.0492,12,0.2,199,3.3167,9.553,177.561,69.875,190.815
SIM029,组2,2,Z,白鹈鹕(锚点),0,5,1,0.5,3,3,3.0,2,4,3.0,4,5,4.5,2,23,3.29,2.216,3.9,2.004,2.556,13,13,7,9,11.96602,21.05934,10.82126,13.80197,12.193,8.125,3.809,10.036,0.1705,0.3,0.2863,0.284,2.4606,1.9709,3.1224,12,0.2,154,2.5667,20.236,115.74,95.595,150.114
SIM029,组2,3,G,红果仔,0,5,1,0.5,3,3,3.0,5,1,3.0,3,1,2.0,3,19,2.71,1.493,4.283,5.11,4.351,5,22,21,15,5.84407,16.76501,20.00215,17.03119,11.364,10.156,1.19,4.177,0.2986,0.1947,0.2433,0.2901,2.4498,2.0602,2.8193,10,0.1667,227,3.7833,11.137,186.044,165.002,248.673
SIM029,组2,4,E,红耳鹎,0,0,0,0.0,3,2,2.5,3,4,3.5,2,2,2.0,1,17,2.43,5.334,1.528,4.698,2.579,19,8,20,9,19.86186,5.68971,17.49363,9.60325,8.317,6.772,6.652,1.088,0.2807,0.191,0.2349,0.2866,2.4395,2.0161,2.7512,28,0.4667,117,1.95,14.434,219.735,88.774,236.99
SIM030,组2,1,E,红耳鹎,0,5,1,0.5,4,4,4.0,2,4,3.0,4,3,3.5,4,25,3.57,1.327,6.629,3.602,1.907,5,24,11,10,7.4429,37.18085,20.20296,10.69601,9.486,6.292,0.932,9.111,0.2654,0.2762,0.3275,0.1907,2.3808,2.1262,3.1716,34,0.5667,253,4.2167,9.871,95.934,130.196,161.723
SIM030,组2,2,B,造山运动,5,0,1,0.5,3,5,4.0,5,4,4.5,4,3,3.5,5,29,4.14,1.808,3.997,1.31,2.456,8,22,7,9,17.7273,39.19029,12.84445,24.0809,4.827,2.114,8.0,9.609,0.226,0.1817,0.1871,0.2729,3.0316,2.5206,3.3944,10,0.1667,148,2.4667,16.002,123.488,77.122,145.592
SIM030,组2,3,G,红果仔,5,5,2,1.0,4,3,3.5,5,4,4.5,2,3,2.5,5,26,3.71,1.264,0.762,5.317,7.731,5,4,24,24,4.50037,2.71304,18.93076,27.52562,5.1,12.291,2.074,11.647,0.2528,0.1905,0.2215,0.3221,2.7073,2.2049,3.5116,34,0.5667,274,4.5667,9.193,165.108,72.659,180.389
SIM030,组2,4,Z,白鹈鹕(锚点),0,5,1,0.5,3,3,3.0,3,3,3.0,3,5,4.0,3,23,3.29,2.12,3.944,3.818,1.235,7,12,16,7,13.23409,24.6204,23.83385,7.70948,6.755,10.844,1.606,8.178,0.3029,0.3287,0.2386,0.1764,2.2723,2.0035,3.0815,36,0.6,230,3.8333,17.537,189.101,133.302,231.362
SIM031,组2,1,B,造山运动,5,0,1,0.5,2,3,2.5,4,4,4.0,3,4,3.5,2,22,3.14,1.561,1.775,0.921,0.925,8,6,3,3,18.40701,20.93046,10.86025,10.90742,6.553,10.942,8.11,11.301,0.1951,0.2958,0.307,0.3083,2.8593,2.3706,3.2805,8,0.1333,306,5.1,11.192,137.002,121.993,183.444
SIM031,组2,2,Z,白鹈鹕(锚点),5,5,2,1.0,3,5,4.0,3,3,3.0,4,3,3.5,1,22,3.14,5.179,3.597,4.083,3.265,21,20,18,11,15.72714,10.92306,12.3989,9.91487,4.848,6.609,4.764,0.922,0.2466,0.1799,0.2268,0.2968,2.5546,2.127,2.882,36,0.6,253,4.2167,17.821,130.682,75.949,151.149
SIM031,组2,3,E,红耳鹎,5,5,2,1.0,3,2,2.5,5,3,4.0,4,3,3.5,3,23,3.29,1.839,2.847,6.116,2.584,10,11,24,8,9.70835,15.02974,32.28727,13.64132,6.583,6.171,6.712,6.836,0.1839,0.2588,0.2548,0.323,2.5247,1.9597,2.9525,29,0.4833,236,3.9333,12.426,199.852,99.139,223.091
SIM031,组2,4,G,红果仔,5,5,2,1.0,3,1,2.0,4,2,3.0,2,3,2.5,3,18,2.57,1.907,0.674,2.077,3.73,11,3,8,16,14.46626,5.11288,15.75586,28.2953,11.17,11.462,11.596,10.346,0.1734,0.2247,0.2596,0.2331,2.3788,1.9138,2.8519,0,0.0,297,4.95,10.578,121.632,79.994,145.579
SIM032,组2,1,Z,白鹈鹕(锚点),5,0,1,0.5,5,3,4.0,5,5,5.0,4,2,3.0,3,27,3.86,5.679,4.404,2.464,3.343,19,19,11,17,17.87966,13.86548,7.75761,10.52504,12.398,4.093,2.236,6.09,0.2989,0.2318,0.224,0.1966,3.0363,2.6059,3.398,4,0.0667,186,3.1,14.099,167.727,123.761,208.445
SIM032,组2,2,G,红果仔,5,5,2,1.0,1,4,2.5,5,4,4.5,5,4,4.5,5,28,4.0,3.495,5.831,4.274,2.236,15,20,16,9,19.03409,31.75616,23.27659,12.17746,7.015,3.402,3.431,10.353,0.233,0.2916,0.2671,0.2484,2.8603,2.2657,3.5972,14,0.2333,225,3.75,12.321,182.713,104.45,210.461
SIM032,组2,3,B,造山运动,0,0,0,0.0,5,5,5.0,4,2,3.0,1,4,2.5,4,25,3.57,7.071,5.485,5.518,1.565,24,18,17,6,18.21879,14.13238,14.2174,4.0323,0.256,12.907,2.278,5.263,0.2946,0.3047,0.3246,0.2608,2.9696,2.5379,3.6138,17,0.2833,292,4.8667,13.679,130.724,120.595,177.854
SIM032,组2,4,E,红耳鹎,5,5,2,1.0,5,4,4.5,3,4,3.5,5,4,4.5,5,30,4.29,1.276,5.911,0.763,4.877,4,24,4,19,4.9958,23.14276,2.9873,19.09444,11.548,9.822,8.736,8.782,0.319,0.2463,0.1908,0.2567,2.7505,2.3159,3.1508,19,0.3167,277,4.6167,24.408,134.631,147.183,199.47
SIM033,组2,1,Z,白鹈鹕(锚点),0,5,1,0.5,4,4,4.0,2,3,2.5,2,4,3.0,4,23,3.29,5.263,1.196,1.943,4.002,21,4,7,15,21.00892,4.77421,7.7561,15.97524,11.797,8.155,0.222,8.554,0.2506,0.299,0.2776,0.2668,2.0815,1.7041,2.6818,13,0.2167,99,1.65,9.192,239.479,144.896,279.902
SIM033,组2,2,B,造山运动,5,0,1,0.5,3,3,3.0,3,3,3.0,2,2,2.0,4,20,2.86,1.777,5.619,1.615,1.454,6,20,8,8,11.07161,35.0092,10.06226,9.05915,4.636,11.907,0.242,5.276,0.2962,0.2809,0.2019,0.1817,2.6001,2.0679,3.3835,12,0.2,224,3.7333,23.569,112.577,178.281,210.851
SIM033,组2,3,G,红果仔,5,0,1,0.5,2,3,2.5,4,3,3.5,4,2,3.0,2,20,2.86,3.914,4.297,5.238,3.355,16,14,24,13,16.55982,18.18026,22.16156,14.19474,10.449,9.955,3.613,3.362,0.2446,0.3069,0.2183,0.2581,2.416,1.9174,2.942,10,0.1667,262,4.3667,21.085,192.814,180.332,264.002
SIM033,组2,4,E,红耳鹎,0,5,1,0.5,3,3,3.0,2,2,2.0,4,2,3.0,3,19,2.71,2.91,6.62,1.43,4.588,9,21,8,15,14.13159,32.14815,6.94439,22.28032,10.679,8.849,8.604,11.113,0.3233,0.3152,0.1787,0.3059,2.3203,1.8726,2.8324,32,0.5333,210,3.5,25.337,201.26,131.72,240.533
SIM034,组2,1,B,造山运动,5,0,1,0.5,3,2,2.5,2,3,2.5,1,3,2.0,3,17,2.43,4.02,5.33,2.831,3.786,13,18,9,15,20.76003,27.52512,14.61982,19.55162,5.871,3.277,8.228,3.341,0.3092,0.2961,0.3146,0.2524,1.9018,1.5552,2.2176,28,0.4667,220,3.6667,12.747,159.403,111.944,194.784
SIM034,组2,2,Z,白鹈鹕(锚点),5,0,1,0.5,2,5,3.5,3,2,2.5,3,2,2.5,4,21,3.0,2.498,2.598,4.444,1.233,8,9,20,7,20.86208,21.69723,37.11412,10.29741,12.1,6.764,5.963,2.024,0.3123,0.2887,0.2222,0.1761,2.3853,1.9211,2.831,15,0.25,129,2.15,24.76,221.336,183.728,287.655
SIM034,组2,3,E,红耳鹎,5,0,1,0.5,5,4,4.5,5,3,4.0,3,2,2.5,3,25,3.57,3.347,2.005,3.774,2.772,11,11,21,13,20.94718,12.54828,23.61956,17.34855,11.441,9.515,4.508,11.819,0.3043,0.1823,0.1797,0.2132,2.6033,2.2608,3.122,2,0.0333,149,2.4833,24.18,201.79,113.047,231.298
SIM034,组2,4,G,红果仔,5,0,1,0.5,1,2,1.5,5,2,3.5,3,3,3.0,3,19,2.71,0.88,3.444,3.156,6.603,4,13,17,24,3.35071,13.11347,12.01687,25.14176,0.476,6.986,11.238,2.325,0.22,0.2649,0.1856,0.2751,2.6407,2.099,3.0915,2,0.0333,128,2.1333,11.847,199.13,100.775,223.178
SIM035,组2,1,B,造山运动,5,0,1,0.5,3,2,2.5,4,2,3.0,3,4,3.5,3,21,3.0,5.002,1.289,1.939,1.809,22,5,8,7,45.23264,11.65631,17.5342,16.35863,10.195,12.222,11.249,7.577,0.2274,0.2578,0.2424,0.2584,2.3298,1.8115,2.8705,25,0.4167,225,3.75,8.073,183.351,65.47,194.689
SIM035,组2,2,Z,白鹈鹕(锚点),5,5,2,1.0,3,3,3.0,4,3,3.5,3,5,4.0,2,23,3.29,6.63,6.215,3.414,0.857,21,19,20,3,32.1112,30.10123,16.53509,4.15072,8.023,8.742,10.883,2.762,0.3157,0.3271,0.1707,0.2857,2.8589,2.4068,3.5001,4,0.0667,239,3.9833,24.037,128.208,172.894,215.244
SIM035,组2,3,E,红耳鹎,0,5,1,0.5,2,3,2.5,2,4,3.0,2,3,2.5,4,20,2.86,4.299,1.048,4.578,1.635,17,4,19,5,21.23738,5.1772,22.61567,8.07702,8.58,5.588,4.265,0.857,0.2529,0.262,0.2409,0.327,1.9803,1.6509,2.3929,14,0.2333,297,4.95,17.889,223.792,184.386,289.967
SIM035,组2,4,G,红果仔,5,0,1,0.5,3,3,3.0,3,1,2.0,4,2,3.0,4,20,2.86,3.312,3.88,5.225,0.839,11,22,18,4,19.94921,23.37045,31.4718,5.05356,6.091,11.172,8.413,2.124,0.3011,0.1764,0.2903,0.2097,2.4629,2.1219,2.9522,29,0.4833,106,1.7667,8.074,142.713,137.122,197.913
SIM036,组2,1,Z,白鹈鹕(锚点),5,0,1,0.5,2,3,2.5,3,2,2.5,2,1,1.5,3,16,2.29,3.573,2.052,4.785,1.276,20,11,18,5,19.08217,10.95903,25.55505,6.81468,9.688,9.063,3.93,8.758,0.1787,0.1865,0.2658,0.2552,2.7901,2.5284,3.4791,7,0.1167,97,1.6167,11.056,182.596,107.623,211.953
SIM036,组2,2,E,红耳鹎,0,0,0,0.0,2,4,3.0,2,4,3.0,2,2,2.0,2,18,2.57,4.91,4.054,4.748,5.052,24,13,15,16,13.06103,10.784,12.6301,13.43877,3.143,12.301,11.125,3.769,0.2046,0.3118,0.3165,0.3157,2.4565,2.0736,2.8702,14,0.2333,167,2.7833,10.117,184.453,65.028,195.58
SIM036,组2,3,B,造山运动,0,0,0,0.0,3,3,3.0,1,3,2.0,3,1,2.0,2,16,2.29,4.84,0.884,1.32,4.254,16,3,5,19,29.63285,5.41228,8.08169,26.04507,3.75,11.19,12.203,5.003,0.3025,0.2947,0.264,0.2239,2.4591,2.0426,3.2049,26,0.4333,137,2.2833,18.55,108.375,172.58,203.787
SIM036,组2,4,G,红果仔,0,5,1,0.5,4,3,3.5,2,2,2.0,2,3,2.5,3,19,2.71,3.004,5.126,2.852,2.893,10,24,15,15,11.30392,19.28891,10.73195,10.88623,11.709,5.986,11.513,0.623,0.3004,0.2136,0.1901,0.1929,2.7134,2.2082,3.0971,17,0.2833,200,3.3333,19.37,219.132,101.837,241.639
SIM037,组2,1,B,造山运动,5,5,2,1.0,5,2,3.5,4,5,4.5,4,1,2.5,5,26,3.71,2.663,4.277,6.032,3.408,15,16,22,17,11.14054,17.89263,25.23459,14.25721,7.085,3.144,6.441,3.079,0.1775,0.2673,0.2742,0.2005,2.2359,1.6995,2.6067,2,0.0333,131,2.1833,11.636,203.979,131.212,242.537
SIM037,组2,2,G,红果仔,5,0,1,0.5,5,3,4.0,4,5,4.5,5,4,4.5,3,29,4.14,2.781,2.002,1.013,3.891,14,9,5,13,24.122,17.36506,8.78662,33.74998,2.567,8.187,7.348,8.938,0.1986,0.2224,0.2026,0.2993,3.0733,2.6127,3.6886,24,0.4,167,2.7833,17.278,117.696,84.978,145.168
SIM037,组2,3,E,红耳鹎,0,0,0,0.0,3,3,3.0,4,4,4.0,3,4,3.5,4,25,3.57,2.875,6.814,4.285,3.351,13,23,16,14,13.89995,32.94409,20.71697,16.2013,7.691,8.933,5.753,8.394,0.2212,0.2963,0.2678,0.2394,2.077,1.735,2.7611,18,0.3,223,3.7167,20.235,148.551,167.35,223.771
SIM037,组2,4,Z,白鹈鹕(锚点),0,5,1,0.5,3,4,3.5,3,3,3.0,4,4,4.0,3,24,3.43,6.383,6.459,2.998,6.331,21,21,13,23,25.17011,25.4698,11.82202,24.96506,10.244,4.183,5.542,3.215,0.304,0.3076,0.2306,0.2753,2.6027,2.0283,3.0705,21,0.35,230,3.8333,20.87,116.403,117.369,165.303
SIM038,组2,1,Z,白鹈鹕(锚点),5,5,2,1.0,2,4,3.0,2,3,2.5,4,3,3.5,3,21,3.0,0.972,7.048,1.119,4.473,3,22,6,21,5.16944,37.48375,5.95124,23.78899,9.506,9.794,4.612,3.549,0.324,0.3204,0.1865,0.213,2.3646,1.9477,3.1821,22,0.3667,206,3.4333,24.32,197.478,69.924,209.492
SIM038,组2,2,G,红果仔,5,5,2,1.0,4,3,3.5,3,4,3.5,3,4,3.5,5,26,3.71,2.603,2.753,7.005,5.84,11,11,22,20,10.90874,11.53737,29.3568,24.47448,4.348,7.711,7.368,7.387,0.2366,0.2503,0.3184,0.292,2.6946,2.1831,3.4333,24,0.4,137,2.2833,15.241,121.857,186.711,222.957
SIM038,组2,3,B,造山运动,5,5,2,1.0,1,3,2.0,4,4,4.0,3,1,2.0,2,18,2.57,4.546,4.333,4.734,3.977,15,19,17,18,20.08404,19.14301,20.91461,17.57022,8.189,1.448,3.095,7.06,0.3031,0.2281,0.2785,0.2209,2.6741,2.0861,3.2323,1,0.0167,281,4.6833,19.585,244.618,77.47,256.592
SIM038,组2,4,E,红耳鹎,0,0,0,0.0,4,2,3.0,2,4,3.0,2,3,2.5,3,20,2.86,4.445,5.082,5.375,1.15,15,16,19,6,13.77975,15.75448,16.6628,3.56506,8.254,5.974,2.231,6.876,0.2963,0.3176,0.2829,0.1917,2.6816,2.1501,3.4729,11,0.1833,282,4.7,16.443,184.53,183.553,260.275
SIM039,组2,1,E,红耳鹎,0,0,0,0.0,5,4,4.5,4,3,3.5,3,4,3.5,5,28,4.0,0.876,4.979,3.097,5.122,4,16,12,18,5.35236,30.42168,18.92267,31.29541,5.316,7.312,7.435,5.509,0.219,0.3112,0.2581,0.2846,3.0421,2.5147,3.6862,23,0.3833,134,2.2333,11.962,241.474,167.389,293.818
SIM039,组2,2,Z,白鹈鹕(锚点),0,5,1,0.5,2,4,3.0,2,3,2.5,2,3,2.5,5,21,3.0,3.67,3.252,0.909,2.213,19,10,5,7,21.69892,19.22749,5.37447,13.08439,11.214,10.188,1.636,1.348,0.1932,0.3252,0.1818,0.3161,2.2981,1.7443,2.9416,27,0.45,250,4.1667,16.004,93.142,136.94,165.614
SIM039,组2,3,G,红果仔,5,0,1,0.5,2,3,2.5,3,5,4.0,4,3,3.5,4,24,3.43,1.333,2.34,0.597,6.697,5,8,3,23,11.41827,20.04408,5.11381,57.36548,1.944,8.696,11.921,9.836,0.2666,0.2925,0.199,0.2912,2.4836,2.1781,3.1392,14,0.2333,136,2.2667,16.365,198.934,129.915,237.598
SIM039,组2,4,B,造山运动,0,5,1,0.5,3,3,3.0,5,4,4.5,4,3,3.5,4,26,3.71,5.749,1.465,3.46,0.525,20,5,18,3,39.66402,10.10746,23.87154,3.62213,12.701,8.023,6.763,0.104,0.2874,0.293,0.1922,0.175,2.6863,2.2921,3.1344,1,0.0167,114,1.9,10.617,244.269,161.039,292.576
SIM040,组2,1,E,红耳鹎,5,5,2,1.0,3,3,3.0,4,3,3.5,3,4,3.5,5,25,3.57,6.278,5.957,1.821,2.674,20,19,9,11,21.86762,20.7495,6.34293,9.31411,7.644,11.312,6.633,7.334,0.3139,0.3135,0.2023,0.2431,2.1895,1.8235,2.5709,9,0.15,272,4.5333,25.143,143.052,81.61,164.694
SIM040,组2,2,Z,白鹈鹕(锚点),5,0,1,0.5,3,2,2.5,4,2,3.0,4,3,3.5,2,20,2.86,1.776,2.279,4.131,2.057,8,7,20,12,12.74365,16.35291,29.6419,14.75996,3.239,1.773,10.25,8.899,0.222,0.3256,0.2066,0.1714,2.8173,2.4131,3.2692,3,0.05,298,4.9667,13.404,138.651,95.393,168.297
SIM040,组2,3,B,造山运动,0,0,0,0.0,4,5,4.5,4,2,3.0,4,3,3.5,3,25,3.57,1.106,0.512,0.917,1.875,5,3,3,6,15.05297,6.96846,12.48063,25.51928,10.258,11.458,1.433,11.021,0.2212,0.1707,0.3057,0.3125,2.7243,2.3273,3.2487,16,0.2667,98,1.6333,13.781,208.777,114.407,238.068
SIM040,组2,4,G,红果仔,0,5,1,0.5,4,1,2.5,4,3,3.5,3,4,3.5,2,21,3.0,1.444,0.782,4.527,6.3,6,4,24,24,8.07345,4.37219,25.3106,35.2235,2.292,1.507,2.576,1.713,0.2407,0.1955,0.1886,0.2625,2.269,1.7053,2.9018,12,0.2,223,3.7167,9.841,239.38,74.245,250.63
SIM041,组2,1,G,红果仔,0,5,1,0.5,3,4,3.5,3,4,3.5,4,5,4.5,2,25,3.57,1.44,1.134,5.546,0.661,6,4,19,3,9.07251,7.14461,34.94178,4.16454,11.617,12.957,11.969,10.399,0.24,0.2835,0.2919,0.2203,2.0826,1.5108,2.8114,24,0.4,274,4.5667,22.183,128.703,113.175,171.386
SIM041,组2,2,E,红耳鹎,5,5,2,1.0,1,3,2.0,4,2,3.0,3,3,3.0,5,21,3.0,4.62,1.373,2.239,2.488,14,7,7,13,28.06645,8.34096,13.6019,15.11457,0.616,4.375,5.228,9.081,0.33,0.1961,0.3199,0.1914,2.7467,2.3067,3.2334,11,0.1833,157,2.6167,19.914,112.4,71.416,133.169
SIM041,组2,3,Z,白鹈鹕(锚点),0,5,1,0.5,4,3,3.5,5,3,4.0,3,3,3.0,3,24,3.43,5.925,6.336,2.485,5.175,19,24,14,23,21.20005,22.67064,8.8915,18.5165,0.46,11.755,3.433,5.997,0.3118,0.264,0.1775,0.225,2.6848,2.4019,3.0088,29,0.4833,153,2.55,9.459,127.646,128.098,180.838
SIM041,组2,4,B,造山运动,0,5,1,0.5,3,5,4.0,4,3,3.5,5,4,4.5,4,28,4.0,2.363,7.136,2.447,2.171,10,23,9,7,11.48088,34.67098,11.889,10.54803,11.631,9.636,2.185,0.407,0.2363,0.3103,0.2719,0.3101,2.6304,2.3523,3.1996,2,0.0333,164,2.7333,27.681,147.455,74.497,165.205
SIM042,组3,1,D,红耳鹎,5,5,2,1.0,4,4,4.0,4,4,4.0,3,4,3.5,5,28,4.0,4.983,3.272,3.799,1.079,16,13,14,4,34.82913,22.86994,26.55346,7.54177,10.823,5.29,0.588,3.276,0.3114,0.2517,0.2714,0.2697,2.4024,1.8705,3.1628,34,0.5667,142,2.3667,11.175,208.569,80.088,223.417
SIM042,组3,2,Z,白鹈鹕(锚点),5,0,1,0.5,3,4,3.5,4,3,3.5,5,4,4.5,4,27,3.86,5.674,3.214,1.314,4.388,21,16,7,21,19.38104,10.97826,4.48831,14.98837,11.177,3.025,8.987,9.02,0.2702,0.2009,0.1877,0.209,2.5333,2.1448,3.2501,31,0.5167,173,2.8833,16.719,187.23,67.335,198.97
SIM042,组3,3,A,造山运动,5,0,1,0.5,4,5,4.5,5,2,3.5,3,5,4.0,2,26,3.71,2.643,2.124,5.129,1.366,13,12,23,5,18.35958,14.75435,35.62857,9.48891,1.316,6.307,12.467,5.107,0.2033,0.177,0.223,0.2732,2.1862,1.5936,2.7674,23,0.3833,279,4.65,16.848,225.029,112.049,251.382
SIM042,组3,4,H,红果仔,5,0,1,0.5,3,3,3.0,3,5,4.0,5,5,5.0,4,28,4.0,1.009,2.784,2.076,1.481,5,12,12,8,8.13023,22.43268,16.72781,11.93347,7.667,12.932,12.594,2.602,0.2018,0.232,0.173,0.1851,2.9302,2.4629,3.5322,33,0.55,271,4.5167,22.978,90.779,134.264,162.073
SIM043,组3,1,H,红果仔,0,0,0,0.0,5,3,4.0,5,4,4.5,4,4,4.0,4,29,4.14,2.567,3.081,0.792,5.061,14,18,3,19,15.95773,19.15301,4.92346,31.46166,4.463,7.795,8.516,0.22,0.1834,0.1712,0.264,0.2664,2.2527,1.7277,2.8459,32,0.5333,181,3.0167,26.635,194.21,116.225,226.331
SIM043,组3,2,D,红耳鹎,5,5,2,1.0,3,3,3.0,5,3,4.0,5,2,3.5,5,26,3.71,3.427,1.435,2.218,4.055,20,5,12,18,28.51789,11.9414,18.45716,33.74381,9.775,8.908,9.969,12.844,0.1714,0.287,0.1848,0.2253,2.398,1.9496,3.2247,0,0.0,177,2.95,23.378,108.923,79.705,134.971
SIM043,组3,3,A,造山运动,5,5,2,1.0,4,4,4.0,3,3,3.0,3,3,3.0,4,24,3.43,3.378,3.673,3.617,1.205,15,13,16,5,16.47919,17.91832,17.64513,5.87846,5.902,9.803,11.066,7.88,0.2252,0.2825,0.2261,0.241,2.3788,2.0439,2.9772,8,0.1333,169,2.8167,9.925,129.429,164.577,209.375
SIM043,组3,4,Z,白鹈鹕(锚点),0,5,1,0.5,5,4,4.5,4,2,3.0,3,5,4.0,4,27,3.86,2.436,5.217,1.52,2.846,11,19,6,12,12.82349,27.4631,8.00152,14.98179,2.225,10.417,3.879,11.692,0.2215,0.2746,0.2533,0.2372,2.8193,2.2549,3.1282,26,0.4333,132,2.2,17.42,158.35,109.876,192.737
SIM044,组3,1,D,红耳鹎,5,0,1,0.5,4,1,2.5,4,1,2.5,4,3,3.5,3,20,2.86,0.739,5.934,2.568,2.734,3,21,13,15,5.10172,40.96562,17.72829,18.87428,9.344,5.039,4.825,1.001,0.2463,0.2826,0.1975,0.1823,2.5104,2.201,3.1139,16,0.2667,133,2.2167,16.384,151.961,148.439,212.429
SIM044,组3,2,H,红果仔,0,0,0,0.0,5,3,4.0,5,5,5.0,3,3,3.0,5,29,4.14,4.145,1.767,5.346,3.199,23,6,19,14,14.75578,6.29034,19.03122,11.38812,3.517,10.024,5.62,1.644,0.1802,0.2945,0.2814,0.2285,2.7963,2.2563,3.154,28,0.4667,203,3.3833,13.93,116.929,80.998,142.244
SIM044,组3,3,A,造山运动,5,0,1,0.5,1,2,1.5,4,3,3.5,5,4,4.5,3,22,3.14,0.924,2.967,4.669,2.579,4,15,15,15,6.04534,19.41184,30.54731,16.87332,5.095,10.027,1.913,3.522,0.231,0.1978,0.3113,0.1719,2.973,2.4053,3.782,10,0.1667,258,4.3,20.7,231.951,92.312,249.645
SIM044,组3,4,Z,白鹈鹕(锚点),0,5,1,0.5,3,2,2.5,1,4,2.5,4,4,4.0,3,21,3.0,2.237,2.941,3.047,0.652,10,10,12,3,17.43209,22.9181,23.74411,5.08079,4.411,9.535,0.173,2.787,0.2237,0.2941,0.2539,0.2173,2.5723,2.3026,3.4131,24,0.4,256,4.2667,17.362,136.271,175.041,221.831
SIM045,组3,1,Z,白鹈鹕(锚点),5,0,1,0.5,4,3,3.5,5,3,4.0,4,5,4.5,4,28,4.0,1.07,1.833,6.604,6.917,4,6,21,22,4.86475,8.33373,30.02507,31.44812,11.076,12.458,12.692,6.399,0.2675,0.3055,0.3145,0.3144,2.7451,2.3771,3.2941,32,0.5333,236,3.9333,17.522,101.984,174.665,202.259
SIM045,组3,2,H,红果仔,0,5,1,0.5,5,3,4.0,3,3,3.0,4,3,3.5,5,26,3.71,3.696,1.091,6.985,4.157,12,5,22,24,18.99425,5.6068,35.89686,21.36339,9.771,9.572,6.747,5.357,0.308,0.2182,0.3175,0.1732,2.1909,1.7652,2.5486,31,0.5167,185,3.0833,26.595,235.177,71.203,245.719
SIM045,组3,3,A,造山运动,5,5,2,1.0,5,3,4.0,3,3,3.0,3,4,3.5,5,26,3.71,2.053,1.938,5.639,1.931,8,11,22,11,16.4856,15.56215,45.28121,15.50594,5.168,6.3,7.663,6.01,0.2566,0.1762,0.2563,0.1755,2.2089,1.7557,2.8267,5,0.0833,112,1.8667,21.621,181.204,114.06,214.113
SIM045,组3,4,D,红耳鹎,0,0,0,0.0,4,5,4.5,3,3,3.0,3,3,3.0,5,26,3.71,2.918,2.277,3.073,6.411,10,10,16,21,17.92861,13.99021,18.88095,39.3901,9.981,7.211,0.292,1.839,0.2918,0.2277,0.1921,0.3053,2.3686,2.0958,3.0039,21,0.35,137,2.2833,21.223,105.406,176.216,205.335
SIM046,组3,1,D,红耳鹎,0,0,0,0.0,4,3,3.5,5,4,4.5,4,5,4.5,4,29,4.14,2.766,4.854,2.629,0.955,11,15,8,3,18.09432,31.75338,17.19811,6.24732,4.821,0.544,0.744,3.988,0.2515,0.3236,0.3286,0.3183,2.781,2.2208,3.3868,6,0.1,127,2.1167,23.225,206.091,107.118,232.266
SIM046,组3,2,H,红果仔,5,0,1,0.5,3,5,4.0,4,3,3.5,3,4,3.5,3,25,3.57,1.854,3.701,3.049,7.443,9,15,16,24,10.84629,21.65163,17.83729,43.54311,11.718,8.744,10.808,1.548,0.206,0.2467,0.1906,0.3101,2.4671,2.1784,2.7683,23,0.3833,252,4.2,25.209,176.512,102.403,204.066
SIM046,组3,3,A,造山运动,5,0,1,0.5,4,3,3.5,5,2,3.5,4,2,3.0,2,22,3.14,3.351,3.701,2.629,5.971,14,16,10,20,12.02597,13.28204,9.43488,21.42855,5.192,3.697,0.904,11.788,0.2394,0.2313,0.2629,0.2985,2.0918,1.6672,2.7348,14,0.2333,271,4.5167,13.374,112.327,112.206,158.768
SIM046,组3,4,Z,白鹈鹕(锚点),5,5,2,1.0,2,3,2.5,2,5,3.5,5,4,4.5,4,25,3.57,2.42,3.532,2.588,3.499,10,13,13,18,15.32583,22.36811,16.38977,22.15912,9.219,11.209,4.163,6.353,0.242,0.2717,0.1991,0.1944,2.622,2.1351,3.0368,15,0.25,98,1.6333,9.455,179.618,115.916,213.774
SIM047,组3,1,D,红耳鹎,0,5,1,0.5,2,3,2.5,3,2,2.5,2,4,3.0,3,19,2.71,3.499,7.531,3.028,4.222,13,24,15,14,9.65252,20.77539,8.35319,11.64702,3.755,11.299,1.208,7.703,0.2692,0.3138,0.2019,0.3016,2.3149,1.8902,2.9557,18,0.3,184,3.0667,17.88,213.785,81.868,228.925
SIM047,组3,2,A,造山运动,0,5,1,0.5,4,2,3.0,5,4,4.5,3,4,3.5,4,26,3.71,0.849,4.156,1.863,3.608,4,24,7,20,3.90933,19.13686,8.57843,16.61352,12.147,6.525,9.395,5.932,0.2122,0.1732,0.2661,0.1804,2.7067,2.2268,3.0905,0,0.0,165,2.75,19.136,100.203,136.112,169.018
SIM047,组3,3,Z,白鹈鹕(锚点),0,0,0,0.0,4,5,4.5,2,3,2.5,3,4,3.5,3,24,3.43,5.628,4.102,1.257,6.0,24,20,5,24,28.41144,20.70784,6.34563,30.28939,10.223,4.286,8.336,10.502,0.2345,0.2051,0.2514,0.25,2.552,2.2328,3.0213,26,0.4333,177,2.95,23.752,108.464,97.199,145.644
SIM047,组3,4,H,红果仔,0,5,1,0.5,2,5,3.5,4,5,4.5,3,4,3.5,2,25,3.57,4.89,6.519,1.76,3.338,15,24,9,14,22.58627,30.1104,8.12921,15.41778,1.94,5.984,10.392,1.657,0.326,0.2716,0.1956,0.2384,2.676,2.1325,3.3578,18,0.3,200,3.3333,12.782,140.769,97.765,171.389
SIM048,组3,1,A,造山运动,5,5,2,1.0,3,4,3.5,2,2,2.0,3,3,3.0,4,21,3.0,7.567,1.618,4.813,3.877,23,6,17,21,32.05036,6.85311,20.38567,16.42121,6.828,11.267,8.504,4.645,0.329,0.2697,0.2831,0.1846,2.0973,1.7066,2.4929,8,0.1333,144,2.4,24.402,233.144,136.022,269.922
SIM048,组3,2,H,红果仔,0,5,1,0.5,5,4,4.5,4,2,3.0,3,4,3.5,4,26,3.71,4.494,4.722,2.901,7.204,22,17,14,23,12.30981,12.93434,7.94632,19.73294,9.502,10.258,9.547,4.711,0.2043,0.2778,0.2072,0.3132,2.6353,2.3098,3.4581,27,0.45,113,1.8833,19.263,208.47,157.332,261.176
SIM048,组3,3,Z,白鹈鹕(锚点),5,0,1,0.5,4,3,3.5,5,5,5.0,3,3,3.0,3,26,3.71,5.202,4.554,3.642,1.25,24,16,17,5,21.58794,18.89879,15.11405,5.18741,0.82,4.164,4.735,11.336,0.2167,0.2846,0.2142,0.25,2.3148,1.9886,3.0527,32,0.5333,100,1.6667,12.839,232.907,118.843,261.475
SIM048,组3,4,D,红耳鹎,0,0,0,0.0,4,3,3.5,3,5,4.0,5,1,3.0,4,25,3.57,4.193,1.7,1.381,2.279,19,7,5,10,29.09861,11.79767,9.58387,15.81582,12.255,5.534,6.238,12.842,0.2207,0.2429,0.2762,0.2279,2.7284,2.1393,3.228,28,0.4667,211,3.5167,9.066,119.341,80.112,143.737
SIM049,组3,1,A,造山运动,5,0,1,0.5,2,2,2.0,3,4,3.5,2,5,3.5,2,20,2.86,1.059,2.514,5.22,1.885,5,12,20,8,8.53284,20.25643,42.05988,15.18829,9.483,1.407,7.397,3.326,0.2118,0.2095,0.261,0.2356,2.8359,2.4324,3.253,24,0.4,193,3.2167,27.626,117.505,100.329,154.51
SIM049,组3,2,D,红耳鹎,5,0,1,0.5,2,5,3.5,2,3,2.5,2,3,2.5,3,20,2.86,3.743,1.786,3.154,3.444,16,10,13,20,24.92929,11.8952,21.00641,22.93788,2.463,9.673,4.949,4.685,0.2339,0.1786,0.2426,0.1722,2.7917,2.4559,3.3975,9,0.15,207,3.45,19.786,238.52,66.739,247.681
SIM049,组3,3,Z,白鹈鹕(锚点),5,0,1,0.5,3,3,3.0,4,3,3.5,3,3,3.0,2,21,3.0,2.793,1.341,3.795,7.354,14,7,18,24,13.25322,6.36326,18.00787,34.89588,0.498,9.744,1.393,7.526,0.1995,0.1916,0.2108,0.3064,2.8852,2.4976,3.4795,23,0.3833,138,2.3,24.31,103.113,129.348,165.418
SIM049,组3,4,H,红果仔,5,5,2,1.0,3,2,2.5,4,3,3.5,4,2,3.0,2,20,2.86,6.396,3.103,3.994,4.699,23,12,20,17,17.23735,8.36265,10.76391,12.6639,8.924,9.784,12.852,4.597,0.2781,0.2586,0.1997,0.2764,2.4721,1.8864,3.3132,32,0.5333,289,4.8167,24.535,133.026,85.3,158.025
SIM050,组3,1,A,造山运动,5,5,2,1.0,3,3,3.0,2,4,3.0,3,3,3.0,4,22,3.14,5.772,1.266,3.863,4.563,21,4,13,19,20.97626,4.60082,14.03869,16.58259,3.519,9.249,1.285,2.522,0.2749,0.3165,0.2972,0.2402,2.4922,2.1253,2.9987,0,0.0,240,4.0,21.748,239.421,75.513,251.047
SIM050,组3,2,H,红果仔,5,5,2,1.0,5,3,4.0,5,3,4.0,4,5,4.5,4,29,4.14,2.668,4.048,2.475,0.758,10,15,14,4,23.27741,35.31745,21.59355,6.6133,4.452,0.217,4.738,12.656,0.2668,0.2699,0.1768,0.1895,3.0682,2.648,3.7448,27,0.45,241,4.0167,11.804,115.555,95.94,150.191
SIM050,组3,3,Z,白鹈鹕(锚点),5,5,2,1.0,3,5,4.0,5,5,5.0,4,4,4.0,4,30,4.29,3.755,4.696,4.922,2.075,14,15,17,7,13.40216,16.76073,17.56735,7.40599,4.407,4.338,4.023,1.514,0.2682,0.3131,0.2895,0.2964,2.656,2.3021,3.1679,27,0.45,278,4.6333,19.452,153.726,186.042,241.337
SIM050,组3,4,D,红耳鹎,0,0,0,0.0,3,5,4.0,2,5,3.5,4,5,4.5,2,26,3.71,2.521,1.763,2.428,3.517,8,7,13,12,12.31794,8.61425,11.86353,17.18453,7.905,9.135,4.336,11.333,0.3151,0.2519,0.1868,0.2931,2.8305,2.4682,3.4187,34,0.5667,166,2.7667,24.891,185.432,108.991,215.091
SIM051,组3,1,D,红耳鹎,0,5,1,0.5,5,2,3.5,5,5,5.0,4,4,4.0,5,30,4.29,6.311,6.128,5.284,0.676,23,19,24,3,20.22054,19.6342,16.93001,2.16591,11.051,11.961,10.072,8.486,0.2744,0.3225,0.2202,0.2253,2.6585,2.2818,3.4719,10,0.1667,247,4.1167,23.024,105.361,88.385,137.524
SIM051,组3,2,H,红果仔,5,5,2,1.0,4,4,4.0,4,3,3.5,4,4,4.0,4,27,3.86,5.91,2.372,1.949,2.65,18,11,6,10,40.60806,16.29819,13.39173,18.20835,2.375,11.174,9.37,12.741,0.3283,0.2156,0.3248,0.265,2.2556,1.8125,2.6508,20,0.3333,105,1.75,22.096,221.41,119.494,251.598
SIM051,组3,3,Z,白鹈鹕(锚点),5,5,2,1.0,4,5,4.5,4,4,4.0,5,3,4.0,5,30,4.29,3.39,2.592,1.333,4.631,18,13,5,16,23.39392,17.88703,9.19885,31.95789,7.814,9.764,12.018,8.438,0.1883,0.1994,0.2666,0.2894,2.8245,2.5224,3.2167,9,0.15,134,2.2333,24.572,217.232,141.575,259.294
SIM051,组3,4,A,造山运动,5,5,2,1.0,3,5,4.0,3,3,3.0,3,4,3.5,4,25,3.57,0.598,3.481,5.197,3.236,3,20,19,11,2.63312,15.32759,22.88351,14.2488,5.701,0.944,10.847,9.449,0.1993,0.174,0.2735,0.2942,2.5416,2.2726,3.2414,7,0.1167,179,2.9833,22.741,138.151,103.828,172.818
SIM052,组3,1,A,造山运动,5,0,1,0.5,4,2,3.0,4,5,4.5,3,5,4.0,5,28,4.0,2.412,4.256,3.153,2.351,8,21,11,10,18.55756,32.74502,24.2587,18.08824,9.411,3.468,4.759,11.819,0.3015,0.2027,0.2866,0.2351,2.8356,2.5403,3.2333,15,0.25,116,1.9333,12.431,195.023,146.872,244.142
SIM052,组3,2,Z,白鹈鹕(锚点),5,5,2,1.0,4,3,3.5,3,4,3.5,4,3,3.5,3,24,3.43,4.651,4.344,1.695,7.151,15,22,8,23,23.26706,21.73127,8.4794,35.77355,5.104,1.241,0.619,3.295,0.3101,0.1975,0.2119,0.3109,2.4243,2.1091,3.1656,4,0.0667,269,4.4833,18.81,102.315,185.114,211.508
SIM052,组3,3,H,红果仔,5,5,2,1.0,3,4,3.5,4,3,3.5,4,5,4.5,2,25,3.57,4.751,2.928,1.542,2.955,24,11,9,10,35.9918,22.18143,11.68162,22.38597,9.203,8.672,5.101,7.437,0.198,0.2662,0.1713,0.2955,2.5202,2.1022,2.9874,6,0.1,147,2.45,11.415,237.225,138.941,274.918
SIM052,组3,4,D,红耳鹎,0,5,1,0.5,4,4,4.0,3,4,3.5,5,4,4.5,3,27,3.86,0.917,1.193,6.998,2.92,5,5,23,10,4.8223,6.27372,36.80094,15.35564,9.666,7.853,6.957,3.806,0.1834,0.2386,0.3043,0.292,2.24,1.9784,2.7736,27,0.45,167,2.7833,17.51,124.445,161.483,203.871
SIM053,组3,1,A,造山运动,5,5,2,1.0,3,5,4.0,4,5,4.5,5,3,4.0,4,29,4.14,1.376,2.185,3.434,4.837,7,8,11,22,8.44269,13.40645,21.06991,29.67826,11.328,9.591,0.455,0.495,0.1966,0.2731,0.3122,0.2199,2.7074,2.3553,3.4881,7,0.1167,195,3.25,8.552,164.555,116.112,201.395
SIM053,组3,2,H,红果仔,0,0,0,0.0,4,4,4.0,5,5,5.0,4,5,4.5,5,32,4.57,2.583,2.889,2.616,5.662,10,16,14,24,10.09642,11.29251,10.22541,22.1316,8.999,6.076,9.685,1.738,0.2583,0.1806,0.1869,0.2359,2.6494,2.1127,3.1674,5,0.0833,247,4.1167,23.411,148.973,142.468,206.131
SIM053,组3,3,Z,白鹈鹕(锚点),5,5,2,1.0,5,3,4.0,3,5,4.0,4,5,4.5,5,30,4.29,2.407,4.353,0.612,5.219,10,15,3,19,17.38637,31.44282,4.42063,37.69816,4.154,8.363,12.22,7.554,0.2407,0.2902,0.204,0.2747,2.6642,2.1317,3.4015,12,0.2,264,4.4,25.35,134.96,115.052,177.345
SIM053,组3,4,D,红耳鹎,0,0,0,0.0,4,3,3.5,5,3,4.0,3,4,3.5,4,26,3.71,0.989,5.728,5.123,0.746,5,23,20,4,6.86118,39.73797,35.54079,5.17537,10.997,4.94,4.126,2.632,0.1978,0.249,0.2561,0.1865,2.7162,2.1923,3.365,7,0.1167,243,4.05,19.594,202.438,189.576,277.344
SIM054,组3,1,H,红果仔,5,0,1,0.5,2,3,2.5,2,5,3.5,4,4,4.0,3,23,3.29,4.413,1.383,3.042,6.23,24,6,10,21,15.03208,4.71094,10.36202,21.22136,5.551,9.12,10.835,7.491,0.1839,0.2305,0.3042,0.2967,2.5557,2.0911,3.1754,1,0.0167,289,4.8167,24.552,115.944,92.128,148.09
SIM054,组3,2,Z,白鹈鹕(锚点),0,0,0,0.0,4,5,4.5,4,4,4.0,4,5,4.5,4,30,4.29,2.439,1.764,0.864,3.425,9,7,5,13,16.51054,11.9412,5.84875,23.18516,8.913,10.163,0.156,1.365,0.271,0.252,0.1728,0.2635,2.8472,2.4411,3.4169,31,0.5167,129,2.15,12.22,131.425,121.071,178.692
SIM054,组3,3,A,造山运动,5,5,2,1.0,5,4,4.5,3,5,4.0,3,5,4.0,4,29,4.14,4.62,4.566,4.993,3.828,18,14,21,19,20.781,20.53811,22.45878,17.21855,12.553,11.686,8.376,10.232,0.2567,0.3261,0.2378,0.2015,2.5993,2.0527,3.2857,24,0.4,109,1.8167,9.173,153.315,143.985,210.326
SIM054,组3,4,D,红耳鹎,0,0,0,0.0,5,4,4.5,4,2,3.0,3,4,3.5,4,26,3.71,1.949,2.653,3.058,5.58,7,12,15,17,9.42492,12.8293,14.78779,26.9836,0.478,12.567,4.883,9.018,0.2784,0.2211,0.2039,0.3282,2.9479,2.6599,3.3227,31,0.5167,109,1.8167,24.28,168.277,114.162,203.348
SIM055,组3,1,H,红果仔,0,5,1,0.5,4,3,3.5,5,3,4.0,3,3,3.0,1,22,3.14,1.72,0.587,2.159,6.192,9,3,7,22,11.61481,3.96389,14.57929,41.81333,3.259,5.954,3.052,2.174,0.1911,0.1957,0.3084,0.2815,2.4996,1.9827,3.2913,28,0.4667,107,1.7833,16.892,213.131,100.016,235.432
SIM055,组3,2,D,红耳鹎,5,0,1,0.5,4,3,3.5,2,2,2.0,3,3,3.0,2,19,2.71,5.649,3.316,2.473,1.661,21,14,11,7,31.02231,18.2103,13.58084,9.12162,11.204,6.919,12.31,9.977,0.269,0.2369,0.2248,0.2373,3.2247,2.808,3.626,6,0.1,203,3.3833,17.66,93.882,121.045,153.185
SIM055,组3,3,Z,白鹈鹕(锚点),0,5,1,0.5,2,3,2.5,4,3,3.5,4,1,2.5,4,21,3.0,4.585,5.291,1.767,4.445,20,19,6,17,13.81128,15.93794,5.32269,13.38956,4.504,2.256,4.802,11.235,0.2293,0.2785,0.2945,0.2615,2.3886,2.0354,2.854,32,0.5333,172,2.8667,13.743,149.468,176.549,231.323
SIM055,组3,4,A,造山运动,5,0,1,0.5,4,5,4.5,3,5,4.0,3,3,3.0,3,26,3.71,3.18,4.001,4.012,4.913,16,22,16,20,16.36362,20.58832,20.64492,25.28128,0.761,7.972,1.23,4.321,0.1988,0.1819,0.2507,0.2457,2.7618,2.2485,3.4346,4,0.0667,173,2.8833,8.836,188.193,80.359,204.632
SIM056,组3,1,Z,白鹈鹕(锚点),0,5,1,0.5,3,2,2.5,4,5,4.5,2,4,3.0,3,23,3.29,3.283,6.033,6.841,3.213,10,19,24,12,12.31465,22.62999,25.66083,12.05207,12.087,1.39,1.483,9.265,0.3283,0.3175,0.285,0.2677,2.8778,2.5371,3.2245,17,0.2833,137,2.2833,25.77,137.556,92.805,165.935
SIM056,组3,2,A,造山运动,5,0,1,0.5,3,3,3.0,2,4,3.0,5,2,3.5,4,23,3.29,0.851,2.633,1.603,4.517,4,14,5,14,6.30886,19.51967,11.8838,33.48665,10.052,3.183,10.413,3.121,0.2127,0.1881,0.3206,0.3226,2.253,1.7864,2.9839,31,0.5167,179,2.9833,12.711,160.395,156.248,223.92
SIM056,组3,3,D,红耳鹎,0,0,0,0.0,4,3,3.5,2,3,2.5,2,3,2.5,4,21,3.0,5.678,3.311,2.461,0.828,23,15,12,4,23.91712,13.94674,10.36633,3.48774,6.039,5.836,2.22,11.49,0.2469,0.2207,0.2051,0.207,2.6343,2.0378,3.1984,2,0.0333,294,4.9,15.362,206.054,163.283,262.906
SIM056,组3,4,H,红果仔,5,0,1,0.5,4,4,4.0,3,3,3.0,1,5,3.0,4,24,3.43,1.635,4.413,0.964,3.444,9,14,5,14,8.60742,23.23213,5.07495,18.13085,0.948,7.785,8.217,9.964,0.1817,0.3152,0.1928,0.246,2.9849,2.6895,3.7396,29,0.4833,237,3.95,11.963,197.495,171.068,261.283
SIM057,组3,1,Z,白鹈鹕(锚点),0,5,1,0.5,4,3,3.5,4,3,3.5,3,4,3.5,3,24,3.43,2.201,0.552,1.9,5.322,9,3,8,21,20.70843,5.19357,17.87642,50.0728,0.645,9.195,8.656,11.064,0.2446,0.184,0.2375,0.2534,2.7739,2.5219,3.1883,15,0.25,286,4.7667,22.082,192.942,185.123,267.39
SIM057,组3,2,H,红果仔,5,0,1,0.5,3,4,3.5,4,3,3.5,3,5,4.0,1,23,3.29,3.662,2.917,2.649,3.736,15,12,15,12,26.31355,20.9603,19.03457,26.84528,5.529,10.499,7.131,4.983,0.2441,0.2431,0.1766,0.3113,2.3575,1.9046,2.8062,17,0.2833,153,2.55,27.187,114.94,141.651,182.418
SIM057,组3,3,D,红耳鹎,5,5,2,1.0,4,4,4.0,3,2,2.5,4,2,3.0,3,22,3.14,3.946,2.329,1.879,4.053,19,8,10,22,29.23303,17.25386,13.92014,30.02571,9.996,12.789,5.195,5.582,0.2077,0.2911,0.1879,0.1842,2.7669,2.3641,3.552,26,0.4333,218,3.6333,17.149,139.904,153.874,207.967
SIM057,组3,4,A,造山运动,5,5,2,1.0,3,2,2.5,3,3,3.0,3,2,2.5,2,18,2.57,5.748,3.822,4.007,0.961,20,13,20,4,36.84446,24.49888,25.68472,6.15997,11.181,6.563,3.228,3.718,0.2874,0.294,0.2003,0.2402,2.5385,2.1169,2.9456,24,0.4,240,4.0,20.43,101.377,142.44,174.833
SIM058,组3,1,D,红耳鹎,0,5,1,0.5,3,4,3.5,3,2,2.5,4,3,3.5,4,23,3.29,4.108,1.254,1.419,5.778,14,5,8,18,18.24117,5.56826,6.30093,25.65665,12.881,4.289,11.791,6.025,0.2934,0.2508,0.1774,0.321,2.3089,1.7429,2.6697,22,0.3667,221,3.6833,10.24,183.091,152.817,238.486
SIM058,组3,2,A,造山运动,5,0,1,0.5,2,3,2.5,3,3,3.0,4,3,3.5,3,21,3.0,2.219,1.383,7.153,5.319,11,5,23,18,11.51929,7.17944,37.13271,27.61204,6.628,8.35,4.598,4.103,0.2017,0.2766,0.311,0.2955,2.9256,2.4906,3.7062,2,0.0333,161,2.6833,19.89,220.51,146.209,264.578
SIM058,组3,3,Z,白鹈鹕(锚点),0,0,0,0.0,3,2,2.5,3,5,4.0,4,3,3.5,1,21,3.0,1.521,0.779,4.92,5.332,5,4,18,18,10.35768,5.30482,33.50413,36.30976,3.223,3.833,9.072,12.849,0.3042,0.1948,0.2733,0.2962,2.787,2.3608,3.4812,21,0.35,278,4.6333,20.24,228.889,78.964,242.127
SIM058,组3,4,H,红果仔,0,0,0,0.0,3,2,2.5,3,4,3.5,3,4,3.5,5,24,3.43,4.562,2.167,6.458,1.406,19,11,21,8,15.95748,7.57998,22.58952,4.91807,7.655,12.115,4.087,5.104,0.2401,0.197,0.3075,0.1757,3.0683,2.5632,3.8477,17,0.2833,170,2.8333,16.834,95.99,86.566,129.258
SIM059,组3,1,Z,白鹈鹕(锚点),5,5,2,1.0,5,2,3.5,2,3,2.5,2,3,2.5,3,20,2.86,1.4,3.466,7.45,2.26,6,14,24,12,6.14442,15.21183,32.6971,9.91885,6.993,4.185,8.852,2.237,0.2333,0.2476,0.3104,0.1883,2.8922,2.3807,3.6514,0,0.0,211,3.5167,13.066,236.789,102.223,257.911
SIM059,组3,2,D,红耳鹎,0,5,1,0.5,3,4,3.5,3,2,2.5,5,3,4.0,3,23,3.29,4.168,1.935,3.456,1.58,16,11,16,5,31.21294,14.49065,25.88098,11.83216,10.183,10.609,11.679,1.122,0.2605,0.1759,0.216,0.316,2.5967,2.0071,3.3713,9,0.15,222,3.7,21.745,115.322,80.111,140.417
SIM059,组3,3,H,红果仔,0,0,0,0.0,2,4,3.0,4,2,3.0,4,3,3.5,3,22,3.14,3.807,1.363,4.401,2.362,12,6,16,8,27.0135,9.6715,31.22837,16.76015,0.49,6.87,12.146,11.422,0.3172,0.2272,0.2751,0.2953,2.2073,1.8447,2.8857,8,0.1333,109,1.8167,23.722,151.834,78.812,171.07
SIM059,组3,4,A,造山运动,5,5,2,1.0,3,3,3.0,2,4,3.0,4,3,3.5,2,21,3.0,4.869,2.382,5.646,2.393,21,14,20,9,23.00243,11.25319,26.67318,11.30516,8.738,1.464,1.425,5.958,0.2319,0.1701,0.2823,0.2659,2.4422,1.9776,2.7915,12,0.2,196,3.2667,22.162,113.285,137.757,178.355
SIM060,组3,1,H,红果仔,5,0,1,0.5,4,4,4.0,2,4,3.0,3,3,3.0,3,23,3.29,1.636,4.01,2.71,3.676,7,13,15,12,10.3768,25.43457,17.18895,23.31608,11.095,2.415,0.546,7.413,0.2337,0.3085,0.1807,0.3063,2.2974,1.8046,3.0327,36,0.6,144,2.4,16.127,232.525,144.5,273.767
SIM060,组3,2,A,造山运动,5,0,1,0.5,2,1,1.5,2,2,2.0,3,1,2.0,3,14,2.0,3.211,2.057,0.891,1.468,12,10,4,5,27.96258,17.91312,7.75916,12.78389,8.015,3.22,6.017,3.926,0.2676,0.2057,0.2228,0.2936,2.9875,2.3959,3.5322,12,0.2,257,4.2833,16.573,133.817,101.176,167.76
SIM060,组3,3,Z,白鹈鹕(锚点),0,0,0,0.0,2,3,2.5,3,4,3.5,5,4,4.5,2,23,3.29,6.567,2.747,1.594,4.276,23,10,8,21,29.27452,12.24564,7.10577,19.06165,4.225,5.918,4.959,8.021,0.2855,0.2747,0.1993,0.2036,2.4322,1.9463,3.1972,19,0.3167,181,3.0167,18.902,99.611,172.822,199.474
SIM060,组3,4,D,红耳鹎,5,5,2,1.0,2,3,2.5,3,2,2.5,4,2,3.0,3,19,2.71,4.52,2.202,2.22,1.789,20,8,8,6,21.97373,10.7049,10.79241,8.69713,10.217,10.918,11.387,4.045,0.226,0.2752,0.2775,0.2982,2.6788,2.3254,3.1391,9,0.15,221,3.6833,15.533,107.786,160.282,193.153
SIM061,组3,1,A,造山运动,5,0,1,0.5,3,3,3.0,4,4,4.0,3,4,3.5,4,25,3.57,1.716,0.851,3.546,3.329,6,4,17,13,16.72777,8.29565,34.56682,32.45148,7.779,2.052,10.777,7.49,0.286,0.2127,0.2086,0.2561,2.6393,2.301,3.1996,23,0.3833,279,4.65,8.557,99.915,176.271,202.619
SIM061,组3,2,D,红耳鹎,5,5,2,1.0,4,5,4.5,4,4,4.0,3,5,4.0,4,29,4.14,0.8,5.191,1.076,2.14,4,18,5,7,8.12263,52.70573,10.92494,21.72804,3.309,8.275,12.077,7.216,0.2,0.2884,0.2152,0.3057,3.1251,2.7567,3.9517,11,0.1833,280,4.6667,21.245,154.839,141.718,209.903
SIM061,组3,3,H,红果仔,0,5,1,0.5,4,3,3.5,4,3,3.5,4,3,3.5,4,25,3.57,6.892,3.077,3.96,2.546,21,16,14,11,38.5831,17.2258,22.16905,14.25313,9.575,5.214,12.05,8.375,0.3282,0.1923,0.2829,0.2315,2.5711,2.0212,3.2086,25,0.4167,116,1.9333,22.818,206.144,101.129,229.613
SIM061,组3,4,Z,白鹈鹕(锚点),0,0,0,0.0,5,3,4.0,3,3,3.0,2,3,2.5,3,22,3.14,3.271,2.259,2.275,3.213,11,8,8,10,20.73887,14.32256,14.424,20.37113,2.13,8.284,3.145,13.0,0.2974,0.2824,0.2844,0.3213,2.8203,2.5063,3.4076,31,0.5167,184,3.0667,19.833,98.48,96.303,137.741
